{
  "training_session": {
    "timestamp": "20250908_230944",
    "total_episodes": 200,
    "total_time_seconds": 147.62638235092163,
    "hyperparameters": {
      "target_pos": [
        0.0,
        0.0,
        1.0
      ],
      "episode_length": 25.0,
      "dt": 0.03333333333333333,
      "use_trajectory": true,
      "trajectory_type": "spiral",
      "state_size": 8,
      "reference_size": 8,
      "action_size": 4,
      "hidden_layer_size": [
        64,
        64,
        32
      ],
      "lr_critic": 0.01,
      "lr_actor": 0.005,
      "lr_decay": 0.9999,
      "gradient_clip_value": 0.5,
      "gamma": 0.98,
      "split": false,
      "target_network": true,
      "tau": 0.001,
      "rls_state_size": 8,
      "rls_action_size": 4,
      "rls_gamma": 0.9995,
      "rls_covariance": 100.0,
      "predict_delta": false,
      "num_episodes": 200,
      "update_cycles": 2,
      "excitation_steps": 5000,
      "excitation_amplitude": 0.03,
      "normalize_states": true,
      "state_bounds": {
        "z": [
          0.0,
          5.0
        ],
        "roll": [
          -1.5707963267948966,
          1.5707963267948966
        ],
        "pitch": [
          -1.5707963267948966,
          1.5707963267948966
        ],
        "yaw": [
          -3.141592653589793,
          3.141592653589793
        ],
        "vz": [
          -12.0,
          12.0
        ],
        "wx": [
          -10.0,
          10.0
        ],
        "wy": [
          -10.0,
          10.0
        ],
        "wz": [
          -10.0,
          10.0
        ]
      },
      "log_interval": 10,
      "save_interval": 50,
      "gui": false,
      "record": false,
      "record_best_episodes": true,
      "best_episode_gui": false,
      "recording_fps": 30,
      "coordination_warmup_episodes": 200,
      "coordination_strength": 0.15
    }
  },
  "performance_summary": {
    "best_position_error": 0.21619420085300142,
    "best_episode": 170,
    "final_position_error": 3.27371996286963,
    "final_reward": 98.28191844193388,
    "convergent_episodes_count": 39,
    "convergence_rate": 0.195,
    "stable_performance_start": -1
  },
  "statistics": {
    "position_errors": {
      "mean": 2.7917163099503024,
      "std": 1.853725491974192,
      "min": 0.12847933997270308,
      "max": 6.6391091744633774,
      "median": 2.331279533799927
    },
    "rewards": {
      "mean": 92.57768150163196,
      "std": 56.639273932239036,
      "min": 13.490834754139184,
      "max": 664.6082870109731
    },
    "costs": {
      "mean": 50.14748434660051,
      "std": 26.302922797461534,
      "min": 0.25371013622478666,
      "max": 149.80071893540628
    }
  },
  "time_series_data": {
    "episode_position_errors": [
      5.254048761884938,
      6.335564050123262,
      5.090833891937444,
      5.091754990950814,
      5.390103480072726,
      4.907599752593818,
      4.501564689768763,
      4.965323237212401,
      5.676665011723118,
      4.9072372289626855,
      0.2676238511375162,
      0.3004042183277684,
      0.33240450198723254,
      5.2890147219474555,
      4.9551056929643,
      4.070001090992782,
      0.30432220992687886,
      0.3351089748992952,
      5.499823206951161,
      4.788771401296239,
      0.14806070310868924,
      0.18427315903731994,
      0.19348233434868334,
      0.28471323589442454,
      4.2532313852321755,
      4.543820700969004,
      0.14570189519001867,
      1.080629214900429,
      0.21669718242918634,
      4.890077183471051,
      6.6391091744633774,
      0.14720231867109917,
      0.4448435470216385,
      0.12847933997270308,
      0.37807784055606825,
      3.2543599760998125,
      0.6166579603794757,
      0.5019641692496853,
      0.4419865403572317,
      0.1544275497848257,
      0.18803773075670993,
      3.372428904000998,
      2.3151111295727906,
      1.8061311656400092,
      5.15179607486393,
      1.2718278356397623,
      1.710312109442244,
      5.169085582588444,
      4.910516600870821,
      0.6041520440429144,
      0.9573173886701074,
      2.1079037353957837,
      4.965293745585508,
      2.2546973560070476,
      4.298310518146591,
      1.3276539472420295,
      1.2858379729464533,
      0.3423951562632125,
      1.0492556509482445,
      1.5581305152201606,
      3.379638634438298,
      5.004508543940693,
      5.334657767894846,
      1.4787204482126335,
      1.7593752761223884,
      4.845816533100315,
      2.023240768136268,
      5.274741162707338,
      1.9248767006592193,
      1.9576654318228566,
      1.7791795212906056,
      1.4860702723982464,
      0.5589043304348926,
      5.509539227372942,
      4.867698672635962,
      2.321877364775576,
      1.7665993825840933,
      1.6307820887080913,
      1.8393395243994293,
      5.0061929052813,
      5.102424876911334,
      2.235935844106769,
      0.2955712930867543,
      2.415819559290283,
      1.0229848881951413,
      1.0621745607648039,
      1.3901381802665709,
      2.3406817028242775,
      4.739333707456405,
      1.9288664859806262,
      2.3554807484798106,
      0.31048568552839795,
      3.201398294024126,
      1.473277765113479,
      0.6962157382457422,
      4.0120311465468514,
      0.5809760075263103,
      2.4549921608675236,
      5.071459422217589,
      1.9200631990487387,
      5.204717565242176,
      2.2881186209914492,
      1.135807598353396,
      0.43848339813166115,
      1.816723633611861,
      2.215207372046329,
      4.9101277910585255,
      3.7223279572671384,
      5.175797623239996,
      1.3887032735451592,
      4.889518225572091,
      0.2712518058851583,
      3.1761254941552957,
      2.731558984795045,
      5.2752297770235925,
      0.37902257892671737,
      5.153171115497906,
      5.274936942356227,
      1.4760592003439628,
      3.6683912640691534,
      5.324728930834104,
      5.17089971547671,
      2.671428121991954,
      4.8991947177259485,
      5.124097487313008,
      5.261352669436868,
      1.334959346045771,
      5.126896231979964,
      4.9398250581403556,
      2.7993735472837766,
      4.900311030591888,
      5.011467112576206,
      3.7490401384174112,
      5.206278401441031,
      1.1335102066317015,
      1.3201007725230254,
      1.7890209973135753,
      5.215102725733044,
      1.2612898180839125,
      5.092928676408707,
      0.948678356773622,
      2.117646555486226,
      2.8032228055514925,
      5.332867182866957,
      2.2815448326216705,
      5.057424558456861,
      0.2997557206576007,
      4.945933893320217,
      0.6290136826712529,
      5.380526370490523,
      1.6243471751137646,
      1.2279227919621383,
      2.4096405149729856,
      1.5013033753496117,
      1.384949575093949,
      1.6417104090038193,
      1.029122649089007,
      1.015911176556406,
      0.30090477419046724,
      5.207617150261012,
      2.358497545202881,
      1.636835752442469,
      0.5452837347007042,
      1.9159110493441522,
      2.74595391934737,
      3.2691135828996667,
      5.133401151949562,
      3.0363939969198515,
      5.027711087414114,
      4.992292292938425,
      0.21619420085300142,
      3.2562730855184947,
      5.279291339570641,
      0.6484890060822065,
      4.877265568891602,
      1.28857080998679,
      4.475740821886212,
      3.1058120459627894,
      1.8191924175804273,
      3.717114768160983,
      4.864498053480795,
      3.119793277680835,
      1.9911246948976018,
      1.8582860725222035,
      2.359329126301668,
      4.811928774183962,
      2.398827750038759,
      0.8037973320318985,
      1.3840369312280092,
      1.7046280403876826,
      2.2024334447403078,
      2.526303605107718,
      2.027760314697606,
      1.9383993846732466,
      3.998936787786122,
      1.3061919421482233,
      3.2327886020628522,
      4.9695503090713276,
      5.245458563907479,
      3.27371996286963
    ],