{
  "training_session": {
    "timestamp": "20250908_200315",
    "total_episodes": 200,
    "total_time_seconds": 139.3806746006012,
    "hyperparameters": {
      "target_pos": [
        0.0,
        0.0,
        1.0
      ],
      "episode_length": 25.0,
      "dt": 0.03333333333333333,
      "use_trajectory": true,
      "trajectory_type": "spiral",
      "state_size": 8,
      "reference_size": 8,
      "action_size": 4,
      "hidden_layer_size": [
        64,
        64,
        32
      ],
      "lr_critic": 0.01,
      "lr_actor": 0.005,
      "lr_decay": 0.9999,
      "gradient_clip_value": 0.5,
      "gamma": 0.98,
      "split": false,
      "target_network": true,
      "tau": 0.001,
      "rls_state_size": 8,
      "rls_action_size": 4,
      "rls_gamma": 0.9995,
      "rls_covariance": 100.0,
      "predict_delta": false,
      "num_episodes": 200,
      "update_cycles": 2,
      "excitation_steps": 5000,
      "excitation_amplitude": 0.03,
      "normalize_states": true,
      "state_bounds": {
        "z": [
          0.0,
          5.0
        ],
        "roll": [
          -1.5707963267948966,
          1.5707963267948966
        ],
        "pitch": [
          -1.5707963267948966,
          1.5707963267948966
        ],
        "yaw": [
          -3.141592653589793,
          3.141592653589793
        ],
        "vz": [
          -12.0,
          12.0
        ],
        "wx": [
          -10.0,
          10.0
        ],
        "wy": [
          -10.0,
          10.0
        ],
        "wz": [
          -10.0,
          10.0
        ]
      },
      "log_interval": 10,
      "save_interval": 50,
      "gui": false,
      "record": false,
      "record_best_episodes": true,
      "best_episode_gui": false,
      "recording_fps": 30,
      "coordination_warmup_episodes": 200,
      "coordination_strength": 0.15
    }
  },
  "performance_summary": {
    "best_position_error": 0.3066602830748256,
    "best_episode": 197,
    "final_position_error": 3.5714046010471456,
    "final_reward": 113.30652059015677,
    "convergent_episodes_count": 31,
    "convergence_rate": 0.155,
    "stable_performance_start": -1
  },
  "statistics": {
    "position_errors": {
      "mean": 2.8291299510507155,
      "std": 1.7174441382187113,
      "min": 0.12111232040071894,
      "max": 6.4845226145624615,
      "median": 2.505137999950155
    },
    "rewards": {
      "mean": 97.65242204869725,
      "std": 48.19976930439126,
      "min": 10.9382944777321,
      "max": 321.19583533870195
    },
    "costs": {
      "mean": 51.16890372882754,
      "std": 28.384080471548984,
      "min": 6.195755120587527,
      "max": 198.41164449136897
    }
  },
  "time_series_data": {
    "episode_position_errors": [
      5.0585028387893365,
      5.156394241965621,
      5.319313576684167,
      5.309862652342636,
      5.172357806133467,
      5.001117913746181,
      4.951213026328341,
      5.957073503949392,
      5.295772436675876,
      5.007511970166744,
      5.574645720439364,
      5.111785634354951,
      5.04521897884471,
      4.602356328591851,
      4.822513224901189,
      5.06118401997318,
      4.779025309559221,
      5.552860356763434,
      4.726446282704669,
      6.4845226145624615,
      0.14066938506350332,
      0.15486696562164706,
      0.20487128883599534,
      0.2898417259035697,
      0.3604405484365718,
      4.892990930716247,
      1.9150425278241396,
      0.9041505782517253,
      5.337531733596593,
      0.12347708440887091,
      0.30725724883224587,
      0.2037741737590671,
      4.356946514431813,
      0.12111232040071894,
      0.8525926657185834,
      0.30626932479420915,
      0.827790692868071,
      1.6089885391294383,
      1.7760459310282468,
      2.5087388420897168,
      1.0876734261168903,
      1.2962079804819866,
      2.2328328223897542,
      1.1662811331074907,
      3.5461846491275444,
      1.1739482065722546,
      0.4349786757852011,
      1.5167146269621363,
      0.516005667692206,
      0.4802335906381595,
      1.7278069958327567,
      0.3190103195311122,
      0.3969952631025816,
      4.256219921899477,
      5.3370173077549055,
      0.8575546096967916,
      2.106204863198158,
      2.227608555179278,
      2.501537157810594,
      3.154137537167315,
      3.6147163141971674,
      2.868147559280582,
      2.0620440283360986,
      3.2687561078434006,
      1.904497660894165,
      3.727207867706398,
      2.6192626550368465,
      3.111945112355308,
      3.0029298547594676,
      1.0852721846266595,
      4.169474054084752,
      2.1280758524544234,
      4.3715759175292765,
      2.578492936685327,
      4.208051177644176,
      1.8036988971726233,
      2.5373708575628418,
      5.606788159954412,
      5.403654433695505,
      0.5812680806438357,
      0.7815960317433313,
      4.843045768857714,
      1.8289911103984737,
      2.775422942946713,
      4.613485187817551,
      2.60817854197048,
      1.8343607570443639,
      3.7552570712494444,
      1.423537065694598,
      5.497767780076518,
      1.3907980150948265,
      1.4125013510872344,
      1.8389052814257059,
      1.7052465523203761,
      3.0591103435312212,
      2.784186565913311,
      3.322201106317878,
      2.3166734902529416,
      4.862215165870162,
      5.439690577324346,
      1.8788267746717868,
      3.050921389406425,
      4.800567455175695,
      5.437657402278599,
      1.9658751428844436,
      5.166144135581957,
      4.940900190711967,
      1.4257614433747108,
      3.0064114401815503,
      4.4621886209330714,
      1.9244982435328564,
      3.0272897979692193,
      4.825836799127725,
      1.782669331775393,
      1.1783591881037003,
      4.952507456943611,
      1.5725124258194039,
      1.7015859582130408,
      1.7185363610587756,
      4.59252852507921,
      1.7820826531906475,
      2.4454939967864866,
      0.3898681695048322,
      3.391836139780996,
      1.7514757897513207,
      2.3058144960169136,
      4.253400599438777,
      1.956389183487805,
      1.4245095956420544,
      2.9395949630668623,
      4.850515736541102,
      4.726623225269518,
      5.352658205291424,
      4.77603054021497,
      2.402718085519172,
      4.576375593419191,
      5.139785135723752,
      1.387415743102168,
      2.805135729431663,
      4.315013857402733,
      1.8252714958857383,
      5.296183058465995,
      2.2163531189159564,
      1.4493556446239757,
      2.064497629267277,
      1.1247945656724803,
      4.681501511633011,
      2.8342227354659326,
      1.944353737624072,
      4.892592904885674,
      4.830197784175217,
      0.7447926360924781,
      1.6503182611288607,
      1.8427436474969465,
      1.1496405115775268,
      0.4544592194249655,
      4.754981409723011,
      1.159586765583641,
      1.5207311202572686,
      1.408996352530632,
      0.9909480689198438,
      0.9243022177688002,
      4.897300902604149,
      4.944266719211114,
      3.002112826671247,
      5.132574067803102,
      5.268415504520844,
      3.0717400859134747,
      5.337643821538969,
      1.6747243253652173,
      0.49334371907657787,
      1.7010123413021934,
      5.03978233910278,
      3.3783102133631164,
      1.7977349782417886,
      0.8274181614650508,
      2.587128759173047,
      2.340637466780599,
      2.242688139721195,
      1.5799882932523666,
      5.2353238930890456,
      1.7171557813863378,
      0.5422198603262415,
      4.900489608426679,
      2.1992458646754245,
      1.7936177138125031,
      0.45142849242065686,
      3.0728494036689655,
      5.038465306591865,
      1.2097960588082681,
      1.2731495361836211,
      2.946692950248379,
      3.19037904250502,
      1.180477466328493,
      4.223578325226719,
      2.5637402348489298,
      1.2798508064532008,
      0.3066602830748256,
      1.4028712087542548,
      3.5714046010471456
    ],