{
  "training_session": {
    "timestamp": "20250912_190727",
    "total_episodes": 200,
    "total_time_seconds": 321.85624408721924,
    "hyperparameters": {
      "target_pos": [
        0.0,
        0.0,
        1.0
      ],
      "episode_length": 25.0,
      "dt": 0.03333333333333333,
      "use_trajectory": true,
      "trajectory_type": "spiral",
      "state_size": 8,
      "reference_size": 8,
      "action_size": 4,
      "hidden_layer_size": [
        64,
        64,
        32
      ],
      "lr_critic": 0.01,
      "lr_actor": 0.005,
      "lr_decay": 0.9999,
      "gradient_clip_value": 0.5,
      "gamma": 0.98,
      "split": false,
      "target_network": true,
      "tau": 0.001,
      "rls_state_size": 8,
      "rls_action_size": 4,
      "rls_gamma": 0.9995,
      "rls_covariance": 100.0,
      "predict_delta": false,
      "num_episodes": 200,
      "update_cycles": 5,
      "excitation_steps": 5000,
      "excitation_amplitude": 0.03,
      "normalize_states": true,
      "state_bounds": {
        "z": [
          0.0,
          5.0
        ],
        "roll": [
          -1.5707963267948966,
          1.5707963267948966
        ],
        "pitch": [
          -1.5707963267948966,
          1.5707963267948966
        ],
        "yaw": [
          -3.141592653589793,
          3.141592653589793
        ],
        "vz": [
          -12.0,
          12.0
        ],
        "wx": [
          -10.0,
          10.0
        ],
        "wy": [
          -10.0,
          10.0
        ],
        "wz": [
          -10.0,
          10.0
        ]
      },
      "log_interval": 10,
      "save_interval": 50,
      "gui": false,
      "record": false,
      "record_best_episodes": true,
      "best_episode_gui": false,
      "recording_fps": 30,
      "coordination_warmup_episodes": 200,
      "coordination_strength": 0.15
    }
  },
  "performance_summary": {
    "best_position_error": 0.3087868908860878,
    "best_episode": 102,
    "final_position_error": 1.0334174584534441,
    "final_reward": 86.11242946138144,
    "convergent_episodes_count": 34,
    "convergence_rate": 0.17,
    "stable_performance_start": -1
  },
  "statistics": {
    "position_errors": {
      "mean": 2.838562066219776,
      "std": 1.7017955718700575,
      "min": 0.09232361057756808,
      "max": 5.986676342862141,
      "median": 2.558615634436494
    },
    "rewards": {
      "mean": 119.89221215772949,
      "std": 104.57590849475174,
      "min": 12.430126545342997,
      "max": 575.2588390375325
    },
    "costs": {
      "mean": 46.08144844920285,
      "std": 31.314175464777264,
      "min": 0.10066854604384026,
      "max": 186.05792531340893
    }
  },
  "time_series_data": {
    "episode_position_errors": [
      5.334624388246525,
      5.96857092570573,
      4.509097532726008,
      5.187811488014562,
      4.596173387966814,
      5.0471802993428,
      0.2536473819397411,
      5.568263116397643,
      0.37855841792459105,
      4.839735757711948,
      5.041625087415107,
      5.986676342862141,
      0.15301030672101856,
      0.09232361057756808,
      0.5683286319020225,
      5.266518903239166,
      1.5189189607241689,
      3.921143074601248,
      0.5246488650027873,
      1.0816837095846308,
      1.5397090940941145,
      1.2377164187137786,
      0.5799829457926118,
      5.1891860394771845,
      4.56291687490946,
      4.056124928575671,
      0.3927889815102462,
      0.4935285175911516,
      5.255742834615996,
      2.1510023328402075,
      1.3063059746501935,
      0.2999556720649801,
      4.798734270749508,
      0.23825310154407953,
      2.697033010249136,
      1.374341681874838,
      5.046279213659646,
      2.0803973534588156,
      2.713567540722676,
      5.271405366687663,
      0.5627055075553913,
      0.6647822424866457,
      3.631175196911949,
      5.09130981580636,
      2.1252458710638122,
      4.724745066025877,
      1.563426476704368,
      5.331666176821262,
      0.6425051413557802,
      4.973475203811904,
      2.0141452368289663,
      1.9992682066619432,
      0.6410442040189921,
      1.520467936854907,
      0.6418510325549369,
      0.6412494371678998,
      0.6411914758878134,
      0.6410574657627143,
      0.6414895101263678,
      0.6400311679882652,
      2.905372451871712,
      4.362237222804214,
      3.5216818741072338,
      2.0093219435782035,
      0.9838462792513604,
      1.58743042003362,
      2.679428828172481,
      3.779165906413431,
      2.24460463223856,
      3.867456336153656,
      4.262329569299777,
      3.971929958600633,
      1.689400996904839,
      1.8641109070883466,
      1.3699934702857568,
      2.9994138180355927,
      1.9970931323035481,
      2.127218910650622,
      5.444283373304672,
      2.398089222104643,
      1.3961946820691455,
      3.0831929978850177,
      2.7494091698579175,
      0.7252758364126765,
      1.9435942860066953,
      3.176559153110263,
      5.532536292487871,
      1.4419512291347656,
      2.0505218165025267,
      2.6170127621999884,
      1.6640947250127596,
      2.1529589694112814,
      1.6833140433574754,
      1.1814188524993583,
      1.0687695340424612,
      2.5718807740497835,
      4.974921739950178,
      2.0663414269836853,
      5.289281152794951,
      4.91719301350847,
      5.08923426611171,
      3.008517288962769,
      0.3087868908860878,
      2.2407402092642603,
      1.4054564722459684,
      3.046070475540829,
      2.5820930618995295,
      1.4072210210460114,
      4.388613513464218,
      1.3373887748139022,
      4.218800119179536,
      3.1295475819684824,
      1.8017950096356257,
      0.9027893441475265,
      4.713655445550518,
      2.457679402826081,
      2.0862227098425166,
      2.6832550515488705,
      5.440173093479979,
      4.747285423761222,
      5.006048004590782,
      1.1937003505612271,
      1.0048710255355484,
      4.843978529846786,
      3.8497271021755815,
      5.3957851023923755,
      5.327593021724085,
      2.600536944569813,
      1.2790339910561483,
      5.026816638009389,
      1.9847918080843165,
      5.043450189619384,
      4.844597531714026,
      4.771828642011303,
      0.43997147136063375,
      2.7572288686545012,
      2.7231658659541313,
      2.44460299458603,
      0.6165349364349947,
      0.6202988747840453,
      2.4835418838183547,
      2.7603924697967734,
      0.8150356088746512,
      1.7615429512900072,
      5.30714102843729,
      3.2559177995198403,
      1.8142241260227043,
      5.350774227235951,
      0.5584209294524027,
      2.9339242859759147,
      4.984412393127216,
      5.298611521965272,
      0.8427960560138218,
      4.76323082901587,
      1.5698886574634254,
      5.059052626456479,
      2.818585282690715,
      3.6481940721028674,
      2.073447040470923,
      3.629465979297719,
      3.240745214659791,
      5.112025550092522,
      1.7784699773538948,
      1.827445769866576,
      2.2860041906184634,
      5.208862864303131,
      3.7444278096451447,
      2.108871725507382,
      2.517471775696608,
      3.7901595976907676,
      1.0596090531708169,
      1.946122178139029,
      5.037830897258959,
      3.8308055385466315,
      2.5453504948232046,
      5.051375320028249,
      5.246374067374659,
      1.5491584400490532,
      1.2400739409041468,
      3.3530066287010096,
      1.1924507804377986,
      2.7442832629879756,
      5.138996000094547,
      2.105533114437943,
      4.907348296430999,
      4.8154500119964805,
      2.4640219529826917,
      4.546872260978672,
      2.409745683945334,
      4.916023457525693,
      1.6704410026384449,
      0.5073226184680956,
      4.9550051198906075,
      5.045373753216864,
      2.15232901079002,
      0.3611345903653176,
      0.8356215031975587,
      5.027407780156543,
      3.1037813063967317,
      1.0334174584534441
    ],