{
  "training_session": {
    "timestamp": "20250908_221821",
    "total_episodes": 200,
    "total_time_seconds": 131.07596802711487,
    "hyperparameters": {
      "target_pos": [
        0.0,
        0.0,
        1.0
      ],
      "episode_length": 25.0,
      "dt": 0.03333333333333333,
      "use_trajectory": true,
      "trajectory_type": "spiral",
      "state_size": 8,
      "reference_size": 8,
      "action_size": 4,
      "hidden_layer_size": [
        64,
        64,
        32
      ],
      "lr_critic": 0.01,
      "lr_actor": 0.005,
      "lr_decay": 0.9999,
      "gradient_clip_value": 0.5,
      "gamma": 0.98,
      "split": false,
      "target_network": true,
      "tau": 0.001,
      "rls_state_size": 8,
      "rls_action_size": 4,
      "rls_gamma": 0.9995,
      "rls_covariance": 100.0,
      "predict_delta": false,
      "num_episodes": 200,
      "update_cycles": 2,
      "excitation_steps": 5000,
      "excitation_amplitude": 0.03,
      "normalize_states": true,
      "state_bounds": {
        "z": [
          0.0,
          5.0
        ],
        "roll": [
          -1.5707963267948966,
          1.5707963267948966
        ],
        "pitch": [
          -1.5707963267948966,
          1.5707963267948966
        ],
        "yaw": [
          -3.141592653589793,
          3.141592653589793
        ],
        "vz": [
          -12.0,
          12.0
        ],
        "wx": [
          -10.0,
          10.0
        ],
        "wy": [
          -10.0,
          10.0
        ],
        "wz": [
          -10.0,
          10.0
        ]
      },
      "log_interval": 10,
      "save_interval": 50,
      "gui": false,
      "record": false,
      "record_best_episodes": true,
      "best_episode_gui": false,
      "recording_fps": 30,
      "coordination_warmup_episodes": 200,
      "coordination_strength": 0.15
    }
  },
  "performance_summary": {
    "best_position_error": 0.35748141845784087,
    "best_episode": 159,
    "final_position_error": 1.698780510887157,
    "final_reward": 103.59979148425414,
    "convergent_episodes_count": 63,
    "convergence_rate": 0.315,
    "stable_performance_start": 32
  },
  "statistics": {
    "position_errors": {
      "mean": 2.4718719741358997,
      "std": 1.8526963763875843,
      "min": 0.19028706397935663,
      "max": 6.891093008930523,
      "median": 1.8023345096387056
    },
    "rewards": {
      "mean": 95.67850535526857,
      "std": 68.6643012609923,
      "min": 16.139119875956453,
      "max": 664.4832370360092
    },
    "costs": {
      "mean": 51.0737837656834,
      "std": 33.2048266166605,
      "min": 0.6083205770650675,
      "max": 245.77646949562788
    }
  },
  "time_series_data": {
    "episode_position_errors": [
      5.111764785481688,
      4.799827677201028,
      4.917983546579271,
      4.763474531733125,
      5.007578562579784,
      4.47561008992024,
      4.930628353915301,
      5.058588875296771,
      6.891093008930523,
      4.940775383685309,
      5.973409719485702,
      0.2034472602710149,
      0.24668662429556332,
      0.27128554668188865,
      0.34010063112764227,
      0.43134097244027014,
      4.855781131135103,
      4.883285505881864,
      0.2969229203347632,
      4.837130641313176,
      5.0979223784267695,
      5.2992993241718205,
      5.241826612644468,
      5.331832979044768,
      0.34815381336526946,
      5.325084097272998,
      0.201873868435046,
      0.48600218551225377,
      1.113507998521686,
      0.2790264476607453,
      0.25963728776483913,
      5.082767969872337,
      0.3382710428251129,
      0.5302574273541002,
      0.19028706397935663,
      0.19961668792035772,
      0.4577370237201337,
      0.48411796665149925,
      0.2512738872792553,
      0.5495434816324832,
      0.4097432598020531,
      0.35455516713442287,
      0.3036699730922977,
      5.173919179586544,
      0.6180795254628504,
      3.569626449736967,
      4.904861545695565,
      0.7139765689870016,
      3.5765863241826916,
      1.2633713063353982,
      0.4067041594522106,
      0.9077639745247853,
      0.33528063655388174,
      0.28190615011889053,
      1.1078814974305073,
      2.1065131710866463,
      4.0762039373676195,
      3.780047282469411,
      3.07568341774606,
      5.072467833433038,
      1.1523247409114235,
      0.5896486606404061,
      0.9579703415909739,
      0.613276890508361,
      0.6855419701938799,
      1.7828598694303945,
      1.0130033518940749,
      0.5342106757553836,
      1.0647252578456445,
      0.40879449643989396,
      1.2967615742612564,
      0.7483150572133023,
      1.687091676623175,
      0.6187667585548594,
      0.5394398568418454,
      1.0155421577627453,
      2.6350891920793216,
      0.33199961170559045,
      0.5570222872557752,
      0.6119715292214861,
      2.8108863158188253,
      5.009085107842653,
      0.49188242957774964,
      0.42724142662813014,
      4.095410063644886,
      0.5909656747055783,
      3.598947004986202,
      0.8933148962757055,
      5.060388381501722,
      1.0529573053490286,
      2.082672191514028,
      1.063932524540453,
      1.7160237558703995,
      1.3270793070575786,
      0.637740276256864,
      1.4210247209916929,
      4.95443212932045,
      4.161893810759773,
      1.447000779423771,
      1.9159547535681931,
      1.8218091498470166,
      1.6438469773060649,
      0.8187808632473771,
      1.0962087337164026,
      2.622854210193883,
      0.559267178529118,
      5.090781124865343,
      2.096027422164221,
      3.1077514701905704,
      4.9090130575893856,
      4.996322686859733,
      1.3938937241464637,
      1.6231861779231334,
      3.708510666083479,
      2.3828363003048745,
      5.322489523516,
      5.16177466820975,
      0.817526471377628,
      2.197868828892273,
      1.7289390640674487,
      1.2701607841233826,
      3.2070135333720446,
      5.213192502443917,
      0.9407617879983896,
      1.0528207331073394,
      0.8261166948781496,
      3.340734746679688,
      3.519551069208554,
      4.978346456874493,
      2.860671343519183,
      4.879752178073057,
      5.236579807744773,
      3.5659201515912953,
      2.6492724926608653,
      4.90440038586812,
      1.7592004438101567,
      4.866591581788828,
      4.106211979196594,
      0.9330868201509962,
      3.583777146642841,
      3.9329514247747523,
      1.5523004337365216,
      4.896980751423826,
      3.032518758459795,
      4.803878019443715,
      2.4668812258062696,
      1.956027935032132,
      1.7094286402845544,
      0.40355628619058664,
      3.0278244880079996,
      2.8624822009960833,
      5.193099113162427,
      0.7881068963564338,
      5.255422865665314,
      1.7619756162095062,
      1.426165112635123,
      0.4294584136369194,
      4.8039484087633575,
      1.0749154221157344,
      0.35748141845784087,
      2.3289569714491276,
      1.2016193938598685,
      0.9311910783767899,
      4.040281606538686,
      1.3199421063610253,
      2.831799611736955,
      2.1634374861684513,
      0.5824585690731044,
      5.048167055825763,
      4.975594026652424,
      3.618320460066627,
      5.055301338932573,
      1.25944466500723,
      5.199149554932994,
      4.9349825158728535,
      1.9984614109531182,
      4.938353302230734,
      0.36399688104507133,
      1.6242140253010056,
      2.270480521008306,
      0.6492765999983138,
      4.831805927576335,
      5.171120865824571,
      0.8790615017767873,
      4.200336442758177,
      2.0194234425881925,
      3.196970089909206,
      4.862971053682028,
      0.9219495059699937,
      4.915072283384788,
      1.2008309761501053,
      3.073058674739938,
      0.8116188127285697,
      3.4053153158655447,
      4.885534616201588,
      0.36562600922931615,
      1.497848050222617,
      2.8754210662231316,
      1.7501806452415705,
      1.698780510887157
    ],