{
  "training_session": {
    "timestamp": "20250907_222433",
    "total_episodes": 200,
    "total_time_seconds": 302.36581802368164,
    "hyperparameters": {
      "target_pos": [
        0.0,
        0.0,
        1.0
      ],
      "episode_length": 25.0,
      "dt": 0.03333333333333333,
      "use_trajectory": true,
      "trajectory_type": "spiral",
      "state_size": 8,
      "reference_size": 8,
      "action_size": 4,
      "hidden_layer_size": [
        64,
        64,
        32
      ],
      "lr_critic": 0.01,
      "lr_actor": 0.005,
      "lr_decay": 0.9999,
      "gradient_clip_value": 0.5,
      "gamma": 0.98,
      "split": false,
      "target_network": true,
      "tau": 0.001,
      "rls_state_size": 8,
      "rls_action_size": 4,
      "rls_gamma": 0.9995,
      "rls_covariance": 100.0,
      "predict_delta": false,
      "num_episodes": 200,
      "update_cycles": 2,
      "excitation_steps": 5000,
      "excitation_amplitude": 0.03,
      "normalize_states": true,
      "state_bounds": {
        "z": [
          0.0,
          5.0
        ],
        "roll": [
          -1.5707963267948966,
          1.5707963267948966
        ],
        "pitch": [
          -1.5707963267948966,
          1.5707963267948966
        ],
        "yaw": [
          -3.141592653589793,
          3.141592653589793
        ],
        "vz": [
          -12.0,
          12.0
        ],
        "wx": [
          -10.0,
          10.0
        ],
        "wy": [
          -10.0,
          10.0
        ],
        "wz": [
          -10.0,
          10.0
        ]
      },
      "log_interval": 10,
      "save_interval": 50,
      "gui": false,
      "record": false,
      "record_best_episodes": true,
      "best_episode_gui": false,
      "recording_fps": 30,
      "coordination_warmup_episodes": 200,
      "coordination_strength": 0.15
    }
  },
  "performance_summary": {
    "best_position_error": 0.17383913245293642,
    "best_episode": 128,
    "final_position_error": 4.330660629068576,
    "final_reward": 106.67234221776951,
    "convergent_episodes_count": 80,
    "convergence_rate": 0.4,
    "stable_performance_start": 86
  },
  "statistics": {
    "position_errors": {
      "mean": 2.230509293370011,
      "std": 1.858278327357595,
      "min": 0.17383913245293642,
      "max": 6.079219538299166,
      "median": 1.3913821365748933
    },
    "rewards": {
      "mean": 185.5220553639391,
      "std": 185.76226762180127,
      "min": 15.829266358439094,
      "max": 546.7060883463187
    },
    "costs": {
      "mean": 44.04113344689537,
      "std": 36.593224924397994,
      "min": 0.08183594718144412,
      "max": 179.98691446415305
    }
  },
  "time_series_data": {
    "episode_position_errors": [
      5.2877443717865225,
      5.089797933288102,
      4.230871445901599,
      4.757231904842734,
      5.177255052994073,
      4.821134837516465,
      4.8122744393490455,
      5.297041767083586,
      5.429616460817957,
      5.9209856388518585,
      4.872595018972859,
      4.881489058149506,
      5.511070459282662,
      4.790230833180829,
      5.493485922856756,
      4.981818099351926,
      4.8736398464576585,
      5.896185109867214,
      3.865045325982389,
      0.1883246823785515,
      0.42402704937100466,
      5.910216678981763,
      0.2305799796571529,
      6.079219538299166,
      0.2115105208460439,
      0.28655035225186737,
      5.220579268661599,
      0.22335255395601825,
      5.6985638027499625,
      0.31074007041020707,
      6.027506461809986,
      0.2933545831758391,
      2.6703575148557737,
      0.4439102007154386,
      1.1153279006397614,
      4.575117379506601,
      0.5821910433355861,
      0.21482917907014146,
      4.447767999778186,
      1.088847043919848,
      0.649225704508026,
      2.7672133226548765,
      2.446155669211786,
      1.4772896472508485,
      2.1557131374576772,
      3.02053018939467,
      1.5507819605838242,
      0.6644550546822895,
      1.4726122601386802,
      1.0087042441887681,
      1.9957845272800054,
      1.9635473688928704,
      0.8619871794624515,
      4.943996420119544,
      3.2443114391806005,
      1.2766027720376165,
      0.6791414545355416,
      0.63630278129923,
      0.8937766663762053,
      0.7198003757034411,
      0.9319721268930501,
      1.0700408554868797,
      3.0410638286461635,
      5.14001530818835,
      0.6110051683681637,
      1.4383279514928182,
      3.1546805892395557,
      0.4379271699929106,
      0.9888878239774486,
      0.6279251723170489,
      0.586525163925563,
      1.2913287140020957,
      2.9362547744841336,
      3.6724622580779123,
      2.772330023134353,
      4.182238319428684,
      1.190696107659183,
      1.9992919378171716,
      1.8941569141827792,
      1.4980126064679968,
      1.2075249364301286,
      0.5583623783172698,
      3.2958166675510063,
      0.7268938147685111,
      1.7752860974607214,
      2.7927005482368177,
      0.6733144522456156,
      0.6547141144191253,
      0.6549151961707048,
      0.6550797206519318,
      0.6548459244123224,
      0.6546765009665422,
      0.6545566486319283,
      0.65438884371823,
      0.6543082195319946,
      0.6542043220296868,
      0.6539784577804552,
      0.653928137699283,
      0.6538763508995753,
      0.6538406234848599,
      0.6538243056663287,
      0.6538203711999446,
      0.6538464731364073,
      0.6538176115691872,
      0.6538254063256538,
      0.6538349107541139,
      0.6538476227240368,
      0.6538521261365565,
      0.6538656203210048,
      0.6538588858593475,
      0.6539060829730928,
      0.6538883861526206,
      0.6539014855193291,
      0.6539114068903686,
      0.6539213674807327,
      0.6539448381675259,
      0.6539960437160985,
      0.6534034244424324,
      0.6540928808443728,
      0.6518791640132793,
      0.654894472301532,
      0.6580123400781892,
      0.6539155676805618,
      0.6618858070742407,
      0.6536993180909758,
      0.6449682746267079,
      1.8365836705417629,
      1.6962685952440186,
      0.17383913245293642,
      1.3922607684392463,
      5.058657753677212,
      5.067067449656281,
      5.121752640867231,
      0.9262236068902354,
      1.3067712821501032,
      0.615348905324387,
      1.179788503311101,
      1.39050350471054,
      0.6943725743323129,
      1.736119169009619,
      0.5239337976154034,
      1.2197333405871622,
      0.2692885952471176,
      4.963001953724504,
      2.6669134995433526,
      0.752916244586024,
      1.7396700458183267,
      2.57156644062032,
      4.937062907387032,
      1.8262615328136746,
      5.464379283479968,
      0.32797509920282997,
      5.1084005956822685,
      0.4332559837130494,
      1.5267412284282935,
      5.0601721283192225,
      5.265421569747337,
      4.8509659821524025,
      3.3009130508785915,
      2.1857993710032835,
      2.1591237666621756,
      5.1351033441371285,
      5.39463478512408,
      1.0924888083780904,
      0.5077300079587976,
      1.1352424716811653,
      5.388696637275749,
      4.825613944277346,
      1.6769447209615147,
      2.3264529317551785,
      1.959005293200417,
      1.35708517284183,
      1.187628531653233,
      3.9035208939227215,
      1.201097446293359,
      5.123291417940068,
      1.085461494362259,
      0.9736692131438399,
      2.1759491394243424,
      1.3762265511579892,
      4.748119539185225,
      2.330032784346474,
      3.402662182504474,
      1.3955047954166326,
      2.6307205981040753,
      1.5018389263978307,
      5.197342882111687,
      0.6079302298878115,
      2.939869194456457,
      0.43783801648317533,
      1.169714526001592,
      0.6620106947831439,
      5.107214762251037,
      5.3701361505747,
      1.916914350448977,
      4.738333058091473,
      2.1923899255365056,
      5.206703323320353,
      4.375736856926803,
      4.330660629068576
    ],