{
  "training_session": {
    "timestamp": "20250909_095319",
    "total_episodes": 200,
    "total_time_seconds": 281.4743685722351,
    "hyperparameters": {
      "target_pos": [
        0.0,
        0.0,
        1.0
      ],
      "episode_length": 25.0,
      "dt": 0.03333333333333333,
      "use_trajectory": true,
      "trajectory_type": "spiral",
      "state_size": 8,
      "reference_size": 8,
      "action_size": 4,
      "hidden_layer_size": [
        64,
        64,
        32
      ],
      "lr_critic": 0.01,
      "lr_actor": 0.005,
      "lr_decay": 0.9999,
      "gradient_clip_value": 0.5,
      "gamma": 0.98,
      "split": false,
      "target_network": true,
      "tau": 0.001,
      "rls_state_size": 8,
      "rls_action_size": 4,
      "rls_gamma": 0.9995,
      "rls_covariance": 100.0,
      "predict_delta": false,
      "num_episodes": 200,
      "update_cycles": 2,
      "excitation_steps": 5000,
      "excitation_amplitude": 0.03,
      "normalize_states": true,
      "state_bounds": {
        "z": [
          0.0,
          5.0
        ],
        "roll": [
          -1.5707963267948966,
          1.5707963267948966
        ],
        "pitch": [
          -1.5707963267948966,
          1.5707963267948966
        ],
        "yaw": [
          -3.141592653589793,
          3.141592653589793
        ],
        "vz": [
          -12.0,
          12.0
        ],
        "wx": [
          -10.0,
          10.0
        ],
        "wy": [
          -10.0,
          10.0
        ],
        "wz": [
          -10.0,
          10.0
        ]
      },
      "log_interval": 10,
      "save_interval": 50,
      "gui": false,
      "record": false,
      "record_best_episodes": true,
      "best_episode_gui": false,
      "recording_fps": 30,
      "coordination_warmup_episodes": 200,
      "coordination_strength": 0.15
    }
  },
  "performance_summary": {
    "best_position_error": 0.5747815047163578,
    "best_episode": 175,
    "final_position_error": 0.5750720601124841,
    "final_reward": 666.6149491458982,
    "convergent_episodes_count": 63,
    "convergence_rate": 0.315,
    "stable_performance_start": 51
  },
  "statistics": {
    "position_errors": {
      "mean": 3.01077217050694,
      "std": 2.060063543401933,
      "min": 0.11849604862293403,
      "max": 6.701196041053068,
      "median": 3.4300628757467413
    },
    "rewards": {
      "mean": 197.49351843099356,
      "std": 223.20982016399327,
      "min": 10.87957037107002,
      "max": 666.8609749435841
    },
    "costs": {
      "mean": 54.933714032669116,
      "std": 36.790686555620276,
      "min": 0.08460823613827517,
      "max": 181.05754947256457
    }
  },
  "time_series_data": {
    "episode_position_errors": [
      5.059036815091871,
      5.188263898205964,
      5.361112867821112,
      4.854105292210853,
      4.869744569842478,
      5.094978271784469,
      4.985518942361458,
      4.9860841616728315,
      4.884947875323758,
      5.237530880952835,
      5.338272070393379,
      5.008996448921654,
      4.900120970994439,
      5.191996483903452,
      4.312225912073041,
      5.205488000728774,
      4.938011184036122,
      6.067145357705765,
      5.227244302772081,
      5.8898019842499325,
      6.320301093771498,
      4.996389298347391,
      5.139894240248792,
      4.80561656684508,
      5.12020645944053,
      5.335538153730293,
      4.60750971762478,
      5.336757789897477,
      5.167056960923562,
      6.701196041053068,
      5.330942615017926,
      5.166605746409465,
      5.340521687766951,
      0.4939828069107134,
      5.125926079808338,
      5.389401511627477,
      0.690662105225715,
      0.4709763738497805,
      5.754406731078627,
      0.3276644343554732,
      0.418889568740026,
      0.35036039806270014,
      4.403507224601529,
      4.217408617477692,
      4.175498101688683,
      5.902748424346005,
      5.449871972122333,
      5.915070894719338,
      0.18026093736400411,
      0.3493014173584665,
      4.658221102803589,
      0.13596736545375102,
      0.1292253482300591,
      0.11849604862293403,
      0.12534047725513814,
      0.12431557897756004,
      0.15113776281942518,
      0.29267935010633095,
      0.3483874549628026,
      0.5253234509275057,
      0.541106133305753,
      0.35634549672698235,
      0.6732071193187614,
      4.602156598122547,
      0.4375005221108062,
      4.578184808095614,
      3.901695699150622,
      2.9552470114901417,
      1.4225025973997303,
      1.4813970308943412,
      3.0327489986013725,
      4.758592546198414,
      5.266651609841265,
      1.0084944805052876,
      3.0618918815587075,
      1.6496549025933458,
      1.8037240440531535,
      1.2703419832956033,
      4.439435707200624,
      4.952247795134369,
      2.881285256236166,
      3.13612685506378,
      2.877649286830456,
      0.6681655888757284,
      5.8144449321854434,
      4.849182682429745,
      3.46296137121919,
      5.5092738405793,
      2.268265427294953,
      5.847630212349237,
      2.824930835234312,
      5.183535601380392,
      5.933327937603452,
      4.821627183670692,
      3.9508703077952627,
      1.7286112459426761,
      2.7087014905695432,
      5.266839872939671,
      1.40209142902987,
      2.6681048096889644,
      4.8356142682760765,
      5.327662140005979,
      3.397164380274292,
      4.974676707266094,
      2.366624581651345,
      4.831985473924027,
      3.168026595082089,
      5.079754797574795,
      3.9698816914739665,
      4.825793478686191,
      1.6042076826849578,
      2.2206276544128403,
      5.298867069904042,
      4.306953836401717,
      4.435574020159296,
      5.105853923877775,
      2.0593684352944157,
      4.787913115329028,
      5.1808461316657946,
      4.33282521571317,
      5.1235786719996605,
      4.764711093021384,
      0.44588512623402043,
      4.799510492278592,
      2.3730302112585826,
      0.8674434559678995,
      3.9870771056364616,
      4.960696246607664,
      5.21288288373347,
      4.788199273040835,
      4.398360068506214,
      5.014488459111387,
      3.979725547787045,
      4.4012221860348255,
      0.3084109645433302,
      4.187328202499674,
      0.45607840219070755,
      0.4036139400085961,
      0.6455234334080785,
      1.6651967859004955,
      1.0474628851569656,
      2.4001117509640064,
      3.7495975044000347,
      4.816648320840685,
      1.2922181807671322,
      4.608292024032216,
      2.675127450189026,
      4.996935181381524,
      5.039875237803,
      1.04066504884403,
      2.9630655515108413,
      1.6519482339070286,
      1.3792601672032836,
      1.3754900825047953,
      1.3770351025426333,
      5.203491746066016,
      4.874622054807462,
      5.137789293655828,
      4.162012085347849,
      4.580796200337745,
      3.730345924431378,
      4.033410044012663,
      2.2225292272388177,
      3.6861031343329818,
      4.895320559035886,
      0.576538381402844,
      0.5756129541469059,
      0.5754254854760179,
      0.5753545451913368,
      0.5752149801134869,
      0.5753416822508066,
      0.5752283730705469,
      0.575238383468582,
      0.5752087779299101,
      0.5752299921153922,
      0.5747815047163578,
      0.5750679949395684,
      0.5750425929140348,
      0.575013014958812,
      0.5749927548645957,
      0.5750002802230031,
      0.5749827360533856,
      0.5749795874901552,
      0.5749901819386247,
      0.5749977711102588,
      0.575024898431533,
      0.575026958716873,
      0.5750174561835301,
      0.5750549692001808,
      0.575063477106733,
      0.575078287991358,
      0.5750521507056922,
      0.5750635430672817,
      0.5750515640950027,
      0.5750758033113681,
      0.5750968271574237,
      0.5750737721571587,
      0.575072239830504,
      0.5750840440703027,
      0.5750720601124841
    ],