{
  "training_session": {
    "timestamp": "20250908_195602",
    "total_episodes": 200,
    "total_time_seconds": 408.9702627658844,
    "hyperparameters": {
      "target_pos": [
        0.0,
        0.0,
        1.0
      ],
      "episode_length": 25.0,
      "dt": 0.03333333333333333,
      "use_trajectory": true,
      "trajectory_type": "spiral",
      "state_size": 8,
      "reference_size": 8,
      "action_size": 4,
      "hidden_layer_size": [
        64,
        64,
        32
      ],
      "lr_critic": 0.01,
      "lr_actor": 0.005,
      "lr_decay": 0.9999,
      "gradient_clip_value": 0.5,
      "gamma": 0.98,
      "split": false,
      "target_network": true,
      "tau": 0.001,
      "rls_state_size": 8,
      "rls_action_size": 4,
      "rls_gamma": 0.9995,
      "rls_covariance": 100.0,
      "predict_delta": false,
      "num_episodes": 200,
      "update_cycles": 2,
      "excitation_steps": 5000,
      "excitation_amplitude": 0.03,
      "normalize_states": true,
      "state_bounds": {
        "z": [
          0.0,
          5.0
        ],
        "roll": [
          -1.5707963267948966,
          1.5707963267948966
        ],
        "pitch": [
          -1.5707963267948966,
          1.5707963267948966
        ],
        "yaw": [
          -3.141592653589793,
          3.141592653589793
        ],
        "vz": [
          -12.0,
          12.0
        ],
        "wx": [
          -10.0,
          10.0
        ],
        "wy": [
          -10.0,
          10.0
        ],
        "wz": [
          -10.0,
          10.0
        ]
      },
      "log_interval": 10,
      "save_interval": 50,
      "gui": false,
      "record": false,
      "record_best_episodes": true,
      "best_episode_gui": false,
      "recording_fps": 30,
      "coordination_warmup_episodes": 200,
      "coordination_strength": 0.15
    }
  },
  "performance_summary": {
    "best_position_error": 0.22272073205800758,
    "best_episode": 172,
    "final_position_error": 1.5084962957971038,
    "final_reward": 55.39798929741964,
    "convergent_episodes_count": 100,
    "convergence_rate": 0.5,
    "stable_performance_start": 65
  },
  "statistics": {
    "position_errors": {
      "mean": 2.095221979884958,
      "std": 1.8872711981851342,
      "min": 0.09431997436682224,
      "max": 6.0534259845420495,
      "median": 1.0231420339953845
    },
    "rewards": {
      "mean": 251.73639383448727,
      "std": 217.04563362377158,
      "min": 8.252463577025683,
      "max": 545.5214561601831
    },
    "costs": {
      "mean": 36.42063703556325,
      "std": 38.283565186291135,
      "min": 0.07575081706638032,
      "max": 177.06623471344938
    }
  },
  "time_series_data": {
    "episode_position_errors": [
      5.15868808210735,
      4.537905567577905,
      4.724405026999314,
      6.013938581840271,
      4.877216365458922,
      5.034671283304814,
      5.571914898653787,
      6.04456675564134,
      0.40641285808871724,
      0.5300739555988503,
      5.227924909644834,
      5.170866429407621,
      5.2303455146144575,
      5.309676282371095,
      4.839882184484655,
      6.0534259845420495,
      5.722272036675428,
      0.29403472401072644,
      0.41460839404565125,
      0.49661417521879636,
      5.9464067268581315,
      0.14066417258096892,
      0.1396421639876839,
      0.21553925425630566,
      0.22304604938590614,
      0.38613803225714555,
      4.8615757894654,
      3.7208887784475975,
      0.09451309810000351,
      0.09431997436682224,
      0.11931249733976458,
      0.1603467085285101,
      0.26664978373144216,
      5.217627423866603,
      4.339436399896274,
      3.8809836436488623,
      0.35444461173128144,
      1.0646286365474535,
      1.3141586627286872,
      5.322080580437246,
      3.4386795628289115,
      0.7531040341972618,
      2.9821162523769345,
      0.5382177503131728,
      3.558746752946914,
      0.9640004901955579,
      3.9351184513173427,
      5.3837859518921185,
      4.262786503045926,
      3.415697834024167,
      4.960811072926659,
      1.2933594924009053,
      4.776340586431549,
      4.59730183087153,
      1.4201637596726944,
      2.9719582238428295,
      3.2148992999039856,
      1.9078011428281927,
      2.0615938639861224,
      2.010861312116351,
      3.2987718291467907,
      1.8017483290890486,
      0.5246718250436463,
      0.6548506495529565,
      5.585570760575,
      0.653802823233307,
      0.6534330655772377,
      0.6536641846926757,
      0.6533981223776008,
      0.6534454566338649,
      0.6533268679428468,
      0.653480997096186,
      0.6537229885135956,
      0.6534791695935014,
      0.6536142840813792,
      0.6533476138892864,
      0.6536032811365836,
      0.6536174654858418,
      0.6536111478077606,
      0.6536182939743712,
      0.6536219003118185,
      0.6536002894582247,
      0.6536430599200077,
      0.6536185009892508,
      0.6535650601037839,
      0.6537275247564077,
      0.6537557261809259,
      0.6535231934374724,
      0.6536252484023847,
      0.6535509887223137,
      0.6539208442955347,
      0.6539976736498573,
      0.6539865343223563,
      0.6535317621273191,
      0.6536703229782522,
      0.6537596756981332,
      0.6538693782759518,
      0.6539340338562978,
      0.6538490176254559,
      0.653884455296319,
      0.6540167909339777,
      0.6539490971923894,
      0.6539930576658524,
      0.6539978054760798,
      0.6539518197013867,
      0.65391948721739,
      0.6540385780682173,
      0.654044395063874,
      0.6540483229833631,
      0.6539862902156264,
      0.65405337455545,
      0.6540738516660684,
      0.653981215452707,
      0.6539951944169712,
      0.6539869933762488,
      0.6540293580437002,
      0.6540034294117306,
      0.654028915855584,
      0.6540149329020876,
      0.6540238946896045,
      0.6540094403496877,
      0.6540764267274847,
      0.653954852218544,
      0.6540442641109534,
      0.6540423319099027,
      0.654002776425767,
      0.6540251262496116,
      0.6540163442705325,
      0.6540742378159402,
      0.6527513094614223,
      0.6575305187086231,
      0.6536166789937156,
      0.663226424888044,
      1.3051809835988382,
      5.179833387007344,
      2.053459418990808,
      1.3627047302921595,
      1.0577705770828332,
      1.1517311235053695,
      1.3479597570940156,
      5.436976803965786,
      5.184942575133013,
      2.591085028665273,
      5.539643289469313,
      0.710545057696146,
      2.0904429331839243,
      3.400224274549065,
      4.986464770392015,
      1.6043770982809429,
      5.222685469171105,
      1.2569758565387619,
      1.2159279969628696,
      0.6096354353648054,
      2.048337141629253,
      5.188502041808775,
      1.7398490351009348,
      5.041302775826759,
      4.881573341171477,
      5.084387826288785,
      1.5610110185359023,
      5.395964111896327,
      2.8801235281523456,
      3.2718216804093507,
      1.889095230969211,
      5.0546593646825375,
      1.9337761873460395,
      4.869431588109853,
      2.154925344410878,
      3.088021889547456,
      2.391787508061499,
      0.8241385831528507,
      5.3704647169666675,
      0.22272073205800758,
      4.807303659221462,
      0.9155360205918986,
      0.9885134909079359,
      4.812707137952893,
      1.5188886419762244,
      2.292694344651572,
      1.5030457197009743,
      2.2548735369319517,
      5.09277857308678,
      2.9973665596659314,
      1.2924593330633949,
      4.8904605072259,
      4.030167218942315,
      2.219245131854896,
      5.037014401609259,
      0.501891605128967,
      4.759149634673472,
      2.0054628100553495,
      2.6227361627624703,
      4.981851756844636,
      0.4990451327702337,
      0.5432146491014,
      1.8651853102525966,
      1.451597348496627,
      0.774768997316177,
      0.37136873390201103,
      1.5084962957971038
    ],