{
  "training_session": {
    "timestamp": "20250908_201845",
    "total_episodes": 200,
    "total_time_seconds": 220.64311742782593,
    "hyperparameters": {
      "target_pos": [
        0.0,
        0.0,
        1.0
      ],
      "episode_length": 25.0,
      "dt": 0.03333333333333333,
      "use_trajectory": true,
      "trajectory_type": "spiral",
      "state_size": 8,
      "reference_size": 8,
      "action_size": 4,
      "hidden_layer_size": [
        64,
        64,
        32
      ],
      "lr_critic": 0.01,
      "lr_actor": 0.005,
      "lr_decay": 0.9999,
      "gradient_clip_value": 0.5,
      "gamma": 0.98,
      "split": false,
      "target_network": true,
      "tau": 0.001,
      "rls_state_size": 8,
      "rls_action_size": 4,
      "rls_gamma": 0.9995,
      "rls_covariance": 100.0,
      "predict_delta": false,
      "num_episodes": 200,
      "update_cycles": 2,
      "excitation_steps": 5000,
      "excitation_amplitude": 0.03,
      "normalize_states": true,
      "state_bounds": {
        "z": [
          0.0,
          5.0
        ],
        "roll": [
          -1.5707963267948966,
          1.5707963267948966
        ],
        "pitch": [
          -1.5707963267948966,
          1.5707963267948966
        ],
        "yaw": [
          -3.141592653589793,
          3.141592653589793
        ],
        "vz": [
          -12.0,
          12.0
        ],
        "wx": [
          -10.0,
          10.0
        ],
        "wy": [
          -10.0,
          10.0
        ],
        "wz": [
          -10.0,
          10.0
        ]
      },
      "log_interval": 10,
      "save_interval": 50,
      "gui": false,
      "record": false,
      "record_best_episodes": true,
      "best_episode_gui": false,
      "recording_fps": 30,
      "coordination_warmup_episodes": 200,
      "coordination_strength": 0.15
    }
  },
  "performance_summary": {
    "best_position_error": 0.6541341837808837,
    "best_episode": 198,
    "final_position_error": 0.6541589021540376,
    "final_reward": 542.6713788666426,
    "convergent_episodes_count": 54,
    "convergence_rate": 0.27,
    "stable_performance_start": 185
  },
  "statistics": {
    "position_errors": {
      "mean": 2.880968459920585,
      "std": 1.8934006116263293,
      "min": 0.11743614595644444,
      "max": 6.071648019619718,
      "median": 2.711213630978878
    },
    "rewards": {
      "mean": 142.4756773146709,
      "std": 128.32714921582783,
      "min": 12.454999315752769,
      "max": 543.26371723285
    },
    "costs": {
      "mean": 60.77557168707131,
      "std": 30.22205335140541,
      "min": 0.10008891962222986,
      "max": 193.61849725948576
    }
  },
  "time_series_data": {
    "episode_position_errors": [
      4.951274429854303,
      5.054273846016156,
      5.473157840472518,
      5.340667850162656,
      4.781152326227023,
      5.240831972102709,
      5.129289279963404,
      5.2674454566235305,
      4.776347691176884,
      5.245244409884965,
      5.493292171690589,
      4.777038911086078,
      5.075436920683286,
      5.174638735238766,
      5.554465504192422,
      4.82814749740164,
      5.677659132972948,
      4.188859995368397,
      5.739424502304528,
      0.28670135492141424,
      5.490611976241868,
      4.183315283456419,
      0.2927996233411314,
      4.833875945980585,
      4.90198786434826,
      4.9757120656927,
      0.17741839245255106,
      0.2715613667019125,
      0.28253220764723247,
      0.3407653470422123,
      5.2872166185484915,
      6.071648019619718,
      0.11743614595644444,
      0.14196459483759336,
      0.18437529574753683,
      0.1766926129361321,
      0.35036351978342384,
      4.599547599345124,
      0.3650946754060974,
      5.306778187616332,
      0.525009818854272,
      0.3479750258078795,
      1.559298408169593,
      0.7185013319808434,
      2.4216181369639895,
      0.2149277754282371,
      0.481201465562409,
      1.0201082120958342,
      1.0564153756925079,
      0.9783248741908998,
      2.6172644378672896,
      0.3533520835487408,
      1.8674599496004323,
      5.8587182204396315,
      1.191490272899084,
      3.9958750714775464,
      4.750679294722662,
      0.5485296149562253,
      0.7410184772799077,
      0.7222068932153006,
      1.7397189943805562,
      4.74889256616225,
      5.267334937604914,
      2.5402328547143687,
      4.207558308685514,
      1.9100788587987119,
      2.9840432020845014,
      1.2907117662941527,
      2.9747731839040696,
      3.1103251109723558,
      3.430775426053267,
      4.381659797389617,
      2.945270821543209,
      4.979242087610309,
      0.48181092177194035,
      1.254226625366315,
      1.2216779436745342,
      1.2838959196853656,
      0.9370511178015677,
      0.608885593339394,
      2.705728277571651,
      2.578988683406752,
      1.525688841309632,
      1.2751786690102875,
      5.89302324572717,
      5.277510427392559,
      3.1979659605836344,
      4.11654211813942,
      2.62260233958617,
      2.1433643768129036,
      5.1975619383985,
      3.2316785067082168,
      4.875589396968494,
      5.245840543838189,
      4.731149749983624,
      2.5618821664118205,
      0.8181296523794038,
      2.7166989843861042,
      3.6226558316985518,
      1.6000858360525778,
      5.005358230471399,
      4.773574046738892,
      5.09629848085828,
      4.938947315613098,
      4.828271649975265,
      5.287029506313727,
      4.983339073139887,
      4.885543948451223,
      5.30063392036268,
      3.408551003602443,
      4.747235132431631,
      1.454513168619797,
      5.351658224395284,
      3.5212270202141323,
      5.310920925157485,
      1.100005686056243,
      4.935443011517956,
      5.029095101474411,
      4.808456547791729,
      4.790786719673561,
      2.461663207438186,
      5.646176439858042,
      2.473011349751054,
      0.9410789967329256,
      3.9947461634423433,
      4.5234598266080335,
      0.5326238390690933,
      5.002660622855105,
      2.133752497406845,
      4.535864556717067,
      5.315986836580156,
      3.291660453143872,
      5.207149712266358,
      3.1469345690653405,
      4.076385433486904,
      3.4812549224541485,
      1.628930938509051,
      1.7227887679701672,
      0.7762209723215109,
      1.6298770162608263,
      4.20746614134933,
      4.939116216802662,
      1.7069162368183832,
      3.852973132143764,
      5.206148038509091,
      5.228960264479522,
      3.292697549692718,
      4.320054504873238,
      1.8510093770900817,
      3.0339981989431424,
      0.6692415629820138,
      4.296202275367879,
      1.8555282140958023,
      4.768662475391887,
      3.1218033883153833,
      0.9320271654321192,
      0.8338973866582015,
      1.4165942526338142,
      2.1961475838686653,
      4.877822700960338,
      5.43195848660348,
      4.275886313022863,
      0.6998924987661547,
      2.1526672420329755,
      3.364938208167496,
      1.3287744712034957,
      0.5327784582785545,
      0.6213714319781783,
      0.8689269773720332,
      1.4857829542895147,
      4.117923735261539,
      0.9302969094223142,
      1.8635640657426689,
      1.5243910664514366,
      2.6488161970875534,
      1.7486958362143792,
      2.415066115012782,
      2.4219532345312405,
      0.8763369940096647,
      3.398171997829157,
      3.4599374111781063,
      1.4453109652422453,
      0.8742107771899448,
      1.243450826568955,
      5.3450830839622805,
      0.6558680489746117,
      0.6551114581461338,
      0.6549810656145065,
      0.6547969820390439,
      0.6547438715107524,
      0.6545719009920316,
      0.6544038467374597,
      0.6543250441445932,
      0.6542623308973473,
      0.6541585665695738,
      0.6542204630123397,
      0.6541604265326506,
      0.6541726383860362,
      0.6541341837808837,
      0.6541589021540376
    ],