{
  "training_session": {
    "timestamp": "20250908_233703",
    "total_episodes": 200,
    "total_time_seconds": 241.0508327484131,
    "hyperparameters": {
      "target_pos": [
        0.0,
        0.0,
        1.0
      ],
      "episode_length": 25.0,
      "dt": 0.03333333333333333,
      "use_trajectory": true,
      "trajectory_type": "spiral",
      "state_size": 8,
      "reference_size": 8,
      "action_size": 4,
      "hidden_layer_size": [
        64,
        64,
        32
      ],
      "lr_critic": 0.01,
      "lr_actor": 0.005,
      "lr_decay": 0.9999,
      "gradient_clip_value": 0.5,
      "gamma": 0.98,
      "split": false,
      "target_network": true,
      "tau": 0.001,
      "rls_state_size": 8,
      "rls_action_size": 4,
      "rls_gamma": 0.9995,
      "rls_covariance": 100.0,
      "predict_delta": false,
      "num_episodes": 200,
      "update_cycles": 2,
      "excitation_steps": 5000,
      "excitation_amplitude": 0.03,
      "normalize_states": true,
      "state_bounds": {
        "z": [
          0.0,
          5.0
        ],
        "roll": [
          -1.5707963267948966,
          1.5707963267948966
        ],
        "pitch": [
          -1.5707963267948966,
          1.5707963267948966
        ],
        "yaw": [
          -3.141592653589793,
          3.141592653589793
        ],
        "vz": [
          -12.0,
          12.0
        ],
        "wx": [
          -10.0,
          10.0
        ],
        "wy": [
          -10.0,
          10.0
        ],
        "wz": [
          -10.0,
          10.0
        ]
      },
      "log_interval": 10,
      "save_interval": 50,
      "gui": false,
      "record": false,
      "record_best_episodes": true,
      "best_episode_gui": false,
      "recording_fps": 30,
      "coordination_warmup_episodes": 200,
      "coordination_strength": 0.15
    }
  },
  "performance_summary": {
    "best_position_error": 0.3676496982725882,
    "best_episode": 159,
    "final_position_error": 4.463712977932317,
    "final_reward": 80.8152956223828,
    "convergent_episodes_count": 60,
    "convergence_rate": 0.3,
    "stable_performance_start": 80
  },
  "statistics": {
    "position_errors": {
      "mean": 2.4559908393687384,
      "std": 1.8337889758440498,
      "min": 0.1471242904651878,
      "max": 6.012796330717776,
      "median": 1.876697623430379
    },
    "rewards": {
      "mean": 175.33534767521348,
      "std": 204.81192539786142,
      "min": 13.759590810524234,
      "max": 667.0128835417738
    },
    "costs": {
      "mean": 47.711269877032464,
      "std": 41.21551558605127,
      "min": 0.05164977977439915,
      "max": 260.2080746482615
    }
  },
  "time_series_data": {
    "episode_position_errors": [
      5.187663679150774,
      5.229086925119557,
      4.227946915428776,
      5.209644519972501,
      5.219466159274716,
      5.204871354762143,
      5.115158884142717,
      5.186147518853913,
      5.156729720227993,
      5.2139234675887645,
      4.611124292465567,
      4.276614039817546,
      5.190801110963564,
      5.192439186336373,
      4.8753173953015345,
      5.19512677302428,
      5.172049117644334,
      6.012796330717776,
      0.20284151913123194,
      5.920403356050613,
      4.981128523779413,
      0.18747821593599043,
      0.20384224574405088,
      0.23730364651009495,
      0.2048335460227225,
      0.17217489015521417,
      0.257384739997087,
      5.064522074498434,
      4.022353987452661,
      0.1471242904651878,
      0.2754037815591257,
      0.5200343044953897,
      0.6592762838872164,
      0.1619164576672029,
      4.6924176932657415,
      0.4141505488274576,
      0.8673145034971694,
      0.318626204543049,
      0.76827530356708,
      0.6155106828273268,
      0.6661281351514521,
      0.961789957755448,
      1.4359591068213202,
      2.183740611016116,
      2.4388208831532747,
      1.056398374175396,
      0.4342537779377073,
      1.5363374444042266,
      1.7624377923327685,
      0.2543712439242103,
      0.7454955589336375,
      2.94987580773301,
      3.8296818244077038,
      0.8649831365556656,
      4.75932090800876,
      1.6576891077749094,
      2.844120854877298,
      2.2909188951346446,
      2.9012889949068095,
      1.50620800895189,
      3.5505963692240634,
      2.001780705655001,
      0.3842340872037769,
      0.3710009748832708,
      5.219415315762154,
      1.2041546511995653,
      4.972572442163065,
      3.7208176457322026,
      2.6017885519314756,
      1.481641342709094,
      1.7272582042536995,
      0.4479619681836724,
      3.0008209498271854,
      3.992778269527596,
      1.0324501713833878,
      1.1268337003340496,
      1.8084133659380213,
      5.1439556429392,
      4.572165840082431,
      4.8355007055142885,
      0.576354316163134,
      0.5762828904880719,
      0.5761953338414123,
      0.5762220841036749,
      0.5762612731736566,
      0.5762711592196618,
      0.576304376878778,
      0.576244171107107,
      0.5761987476702642,
      0.576117968864495,
      0.5760307234442036,
      0.5760590878925814,
      0.5758674668230114,
      0.5757962216537178,
      0.5756894326777798,
      0.5755965720976789,
      0.5755042511861258,
      0.5754295427744822,
      0.5753883792438718,
      0.5753291318422658,
      0.5752838451894751,
      0.5752222538684134,
      0.5752751521698493,
      0.5752641175392111,
      0.5746865570498728,
      0.5758946116498932,
      0.5714083511800472,
      0.5747976357126111,
      4.857182431431287,
      5.067334819316033,
      4.702008440053072,
      3.580577989569601,
      1.0837629990436137,
      1.877870133469026,
      4.763621764852281,
      1.9544760790014581,
      1.5470114858817385,
      5.152893214086689,
      3.232942884026298,
      5.066416591936459,
      1.5375523269503701,
      0.4837213982370361,
      2.1998474407366184,
      0.3857470760403741,
      5.343809442015716,
      0.7391119961695275,
      5.539467480755724,
      5.010258547524166,
      2.4022015396584324,
      1.9415332395236788,
      0.6346298395295306,
      1.7538657721482298,
      1.260158874075033,
      4.911038812446062,
      1.0713606578818922,
      2.2790960003550653,
      5.098724769750886,
      2.074548463031262,
      1.268916768342215,
      1.767839714834436,
      4.829030537534846,
      1.666818407109373,
      1.6105732037560705,
      1.8755251133917317,
      1.3859308730109186,
      3.2590566233300438,
      1.6223036478539046,
      1.2966369861473608,
      2.578372053922372,
      2.0073253570059877,
      4.8323410053429265,
      1.8752932731870047,
      1.4836250523441414,
      5.1058328205301,
      2.011669506229029,
      5.004867120206301,
      4.899646335590405,
      2.510985985555434,
      2.3080059660748735,
      0.3676496982725882,
      2.158502716240491,
      5.2541891112011925,
      1.5676815448085648,
      3.1971886047836686,
      2.0945382931801393,
      5.113128089927246,
      1.339869014400797,
      2.926969975453735,
      0.4264559208526646,
      2.053790541938453,
      1.2645411919291725,
      1.4952906267307084,
      5.054277183210035,
      1.7081884068075068,
      1.5197313984601093,
      2.8040745426023586,
      2.483075480090648,
      5.161259903896012,
      3.1708065388005817,
      1.7241547892023488,
      2.233684521978894,
      3.56564904356816,
      5.089781867901849,
      5.172016096765611,
      1.2857098345435045,
      1.4814316356183865,
      5.243338963454612,
      4.887138985719697,
      4.938087102742758,
      2.3637772438528764,
      1.6288688496457768,
      5.316039660768539,
      2.0796902869505884,
      4.795363845353612,
      1.9224006333980648,
      2.30447905569556,
      4.830140553314434,
      1.7689861764319779,
      1.4249769299437498,
      4.463712977932317
    ],