{
  "training_session": {
    "timestamp": "20250907_235846",
    "total_episodes": 200,
    "total_time_seconds": 4838.538160562515,
    "hyperparameters": {
      "target_pos": [
        0.0,
        0.0,
        1.0
      ],
      "episode_length": 25.0,
      "dt": 0.03333333333333333,
      "use_trajectory": true,
      "trajectory_type": "spiral",
      "state_size": 8,
      "reference_size": 8,
      "action_size": 4,
      "hidden_layer_size": [
        64,
        64,
        32
      ],
      "lr_critic": 0.01,
      "lr_actor": 0.005,
      "lr_decay": 0.9999,
      "gradient_clip_value": 0.5,
      "gamma": 0.98,
      "split": false,
      "target_network": true,
      "tau": 0.001,
      "rls_state_size": 8,
      "rls_action_size": 4,
      "rls_gamma": 0.9995,
      "rls_covariance": 100.0,
      "predict_delta": false,
      "num_episodes": 200,
      "update_cycles": 2,
      "excitation_steps": 5000,
      "excitation_amplitude": 0.03,
      "normalize_states": true,
      "state_bounds": {
        "z": [
          0.0,
          5.0
        ],
        "roll": [
          -1.5707963267948966,
          1.5707963267948966
        ],
        "pitch": [
          -1.5707963267948966,
          1.5707963267948966
        ],
        "yaw": [
          -3.141592653589793,
          3.141592653589793
        ],
        "vz": [
          -12.0,
          12.0
        ],
        "wx": [
          -10.0,
          10.0
        ],
        "wy": [
          -10.0,
          10.0
        ],
        "wz": [
          -10.0,
          10.0
        ]
      },
      "log_interval": 10,
      "save_interval": 50,
      "gui": false,
      "record": false,
      "record_best_episodes": true,
      "best_episode_gui": false,
      "recording_fps": 30,
      "coordination_warmup_episodes": 200,
      "coordination_strength": 0.15
    }
  },
  "performance_summary": {
    "best_position_error": 0.6536788179702702,
    "best_episode": 143,
    "final_position_error": 0.6539301087943586,
    "final_reward": 543.5738997676592,
    "convergent_episodes_count": 86,
    "convergence_rate": 0.43,
    "stable_performance_start": 128
  },
  "statistics": {
    "position_errors": {
      "mean": 2.3327258147071217,
      "std": 1.8170430701660134,
      "min": 0.10511627053013399,
      "max": 5.971318113249309,
      "median": 1.765658561173724
    },
    "rewards": {
      "mean": 254.78166561456675,
      "std": 219.5321379943639,
      "min": 11.100707560641968,
      "max": 543.9102918782825
    },
    "costs": {
      "mean": 44.700242717967555,
      "std": 42.605637410847514,
      "min": 0.08285923888907204,
      "max": 221.11333083103025
    }
  },
  "time_series_data": {
    "episode_position_errors": [
      4.797217118486255,
      4.792738520686884,
      4.814453367671903,
      4.90918231443511,
      4.815670937699557,
      5.971318113249309,
      5.094878328555965,
      4.844059480179564,
      5.264649526772906,
      4.842052672573612,
      4.967025914407515,
      4.77551409979344,
      5.149682708786795,
      5.192000393993676,
      4.864287075013446,
      5.802762061419503,
      5.0197709619273265,
      5.154525053068653,
      4.937448607921718,
      5.1469245945860775,
      5.287536963583301,
      4.87355357096916,
      4.982014969048475,
      4.9948040348693,
      5.241823097741346,
      5.1730898275916655,
      5.522926023180191,
      4.133406091805303,
      5.277281628193998,
      4.424178163140869,
      4.860288753996835,
      5.4915796544119795,
      0.7545100953922748,
      5.8593775818340275,
      0.16066789945652024,
      0.2761007448828078,
      1.768743880242536,
      1.3850711652700203,
      0.20825927153161156,
      3.462314556946493,
      0.10511627053013399,
      0.7214243853413637,
      2.5914706509640633,
      3.683971730990816,
      2.193544132841906,
      3.58838673246139,
      0.6982379089412594,
      3.6447073850504643,
      1.2675939578187032,
      3.087530333585204,
      2.169902311599884,
      2.770607692076979,
      1.3063726570490841,
      4.989897036278265,
      4.169450315120696,
      5.331701289804808,
      3.914763073347234,
      0.3124895230878443,
      3.6553425034414517,
      3.578729848385043,
      1.1674008074563382,
      2.756408097647342,
      0.7479107752363721,
      2.132622870597266,
      1.4075299554721328,
      0.7127199526081296,
      2.9028616284633015,
      3.6170891352826158,
      5.218687047405868,
      3.562809512106065,
      4.898472564578674,
      2.0017672250916827,
      1.255104761947004,
      0.5197873569350224,
      3.7105518979270893,
      2.6891017668693697,
      1.0221355042622657,
      4.83617324389756,
      0.4972590937556361,
      3.638869254574916,
      2.9174934346399666,
      2.0327119255708244,
      1.8246665726708953,
      3.705721285177107,
      1.2226738523838871,
      2.429280846092784,
      0.4746671654199185,
      2.4375769039354847,
      3.7367002477931917,
      4.96272558002365,
      1.2317902597328392,
      1.762573242104912,
      1.4585903527603976,
      3.267509755510103,
      1.9716193193042981,
      0.5084256888285722,
      1.3960207740013288,
      1.9708163573389175,
      5.78892059822598,
      5.128735346637578,
      2.066726490753486,
      2.254263319560419,
      4.957796603844326,
      4.686535766947476,
      4.727110589188564,
      3.2538095153196998,
      3.363997610244081,
      3.890045261687802,
      4.757341519436034,
      3.1495807130222273,
      2.4874686833914974,
      2.9084587098087136,
      1.1476977753854853,
      1.5728799807212226,
      1.999372178335442,
      3.218021422825283,
      3.3369729989749075,
      4.296275065456545,
      2.236225068951233,
      3.476627709497119,
      4.606945320211509,
      3.1535848540218963,
      3.268979074683876,
      3.399129612476739,
      4.235085646626019,
      2.8137221038789213,
      3.144504915348335,
      2.310747808589637,
      0.7909342987686684,
      0.6550440701486577,
      0.6548140426977325,
      0.6545327987146599,
      0.6544448173740195,
      0.6543515446929736,
      0.6542719830102782,
      0.6541904196489977,
      0.6541099044563652,
      0.6540161011509766,
      0.6537404114970736,
      0.6537068520075417,
      0.6536893878799579,
      0.6536804933583953,
      0.6536794001775675,
      0.6536788179702702,
      0.6536905189429586,
      0.6537026309622023,
      0.6537221010136106,
      0.6537393555645461,
      0.6537598678439487,
      0.6537817416548669,
      0.6538079245771422,
      0.6538313497212296,
      0.6538586905665162,
      0.6538871313129516,
      0.6539122294509095,
      0.6539350636525718,
      0.6539569416250997,
      0.6539744059584995,
      0.6539921355331251,
      0.6540052283161547,
      0.6540208239971597,
      0.6540323468914798,
      0.6540389030242967,
      0.6540486061523219,
      0.6540557597782201,
      0.6540644810225514,
      0.6540693113102036,
      0.65407482801289,
      0.6540750716891925,
      0.6540773774201425,
      0.6540781384848611,
      0.654081012702654,
      0.6540790533445815,
      0.6540782803879926,
      0.6540751992384479,
      0.6540742239013515,
      0.6540749552441568,
      0.6540733641396705,
      0.6540718871144696,
      0.6540679979446209,
      0.6540669300138563,
      0.6540622264755839,
      0.6540570073664409,
      0.6540531170829732,
      0.6540474614968169,
      0.6540443419634474,
      0.6540370341918477,
      0.6540279276642244,
      0.6540201335450423,
      0.6540107548557774,
      0.6540022131615331,
      0.6539946055896447,
      0.6539867773027513,
      0.6539789131179949,
      0.6539709738467862,
      0.6539625020851579,
      0.6539541032606342,
      0.6539457408773577,
      0.6539379431900996,
      0.6539301087943586
    ],