{
  "training_session": {
    "timestamp": "20250908_005444",
    "total_episodes": 200,
    "total_time_seconds": 633.5413901805878,
    "hyperparameters": {
      "target_pos": [
        0.0,
        0.0,
        1.0
      ],
      "episode_length": 25.0,
      "dt": 0.03333333333333333,
      "use_trajectory": true,
      "trajectory_type": "spiral",
      "state_size": 8,
      "reference_size": 8,
      "action_size": 4,
      "hidden_layer_size": [
        64,
        64,
        32
      ],
      "lr_critic": 0.01,
      "lr_actor": 0.005,
      "lr_decay": 0.9999,
      "gradient_clip_value": 0.5,
      "gamma": 0.98,
      "split": false,
      "target_network": true,
      "tau": 0.001,
      "rls_state_size": 8,
      "rls_action_size": 4,
      "rls_gamma": 0.9995,
      "rls_covariance": 100.0,
      "predict_delta": false,
      "num_episodes": 200,
      "update_cycles": 2,
      "excitation_steps": 5000,
      "excitation_amplitude": 0.03,
      "normalize_states": true,
      "state_bounds": {
        "z": [
          0.0,
          5.0
        ],
        "roll": [
          -1.5707963267948966,
          1.5707963267948966
        ],
        "pitch": [
          -1.5707963267948966,
          1.5707963267948966
        ],
        "yaw": [
          -3.141592653589793,
          3.141592653589793
        ],
        "vz": [
          -12.0,
          12.0
        ],
        "wx": [
          -10.0,
          10.0
        ],
        "wy": [
          -10.0,
          10.0
        ],
        "wz": [
          -10.0,
          10.0
        ]
      },
      "log_interval": 10,
      "save_interval": 50,
      "gui": false,
      "record": false,
      "record_best_episodes": true,
      "best_episode_gui": false,
      "recording_fps": 30,
      "coordination_warmup_episodes": 200,
      "coordination_strength": 0.15
    }
  },
  "performance_summary": {
    "best_position_error": 0.3794667742463303,
    "best_episode": 79,
    "final_position_error": 0.6537532354870876,
    "final_reward": 543.0101544714005,
    "convergent_episodes_count": 137,
    "convergence_rate": 0.685,
    "stable_performance_start": 79
  },
  "statistics": {
    "position_errors": {
      "mean": 1.718627304990359,
      "std": 1.7800714450992048,
      "min": 0.25430967391977216,
      "max": 5.7746086367267875,
      "median": 0.6539158453405651
    },
    "rewards": {
      "mean": 357.13210933816504,
      "std": 231.35108915846632,
      "min": 20.37997042225355,
      "max": 543.4072425478639
    },
    "costs": {
      "mean": 23.452780507789445,
      "std": 31.857665405374576,
      "min": 0.055607683597590114,
      "max": 144.2803180761475
    }
  },
  "time_series_data": {
    "episode_position_errors": [
      4.812129215645875,
      4.637888322236474,
      4.832210970070339,
      4.8195699127842415,
      4.867706834481332,
      5.162553431523884,
      5.001356716691396,
      5.251041519248627,
      5.225508341918672,
      4.333534345958967,
      4.869287771287379,
      4.950868537673047,
      5.237526606890223,
      4.91389636221546,
      5.7746086367267875,
      4.9739569460580295,
      4.944421033633925,
      5.652764136232157,
      0.4795480909046107,
      4.328692481842288,
      4.8462998272816495,
      4.793682686710636,
      5.202151324617249,
      4.9025530339360675,
      0.4150526610388231,
      0.4830470629989654,
      0.709721864640042,
      1.221454940514366,
      5.55398239123913,
      0.6684520101573933,
      0.40949139463531137,
      0.42120674369404476,
      4.956136794685722,
      4.338960633112246,
      5.048534364136741,
      5.028213061500982,
      0.4085378493362137,
      0.6922210363366446,
      0.5304663549603313,
      1.396683359234585,
      5.573177818068508,
      0.53951648866741,
      0.42105715512403113,
      2.0390731848152157,
      2.6534012356213292,
      0.25430967391977216,
      3.979240677819768,
      4.432579554298561,
      1.3996050299481353,
      4.466878427852372,
      3.3075617546674736,
      0.9024096624482915,
      0.6038256406132492,
      1.8589226290518595,
      5.317566513292588,
      1.0378064184736076,
      4.891459470301661,
      4.814867996306634,
      5.1104744342407935,
      2.3705802910456963,
      4.8950344068209315,
      0.8860773288351483,
      4.589583552087646,
      4.723463010692456,
      3.1185382429872592,
      2.0002132372646777,
      5.146425627275518,
      3.2195605884751775,
      4.867190603459174,
      3.1507306176151957,
      3.3147165368423206,
      4.87397186415307,
      1.6509377013285806,
      1.020432047785422,
      5.041585314102957,
      4.825438033033809,
      1.317743489947294,
      1.1830792232218492,
      2.0875449836301563,
      0.3794667742463303,
      0.5707683580181834,
      0.6550500501145219,
      0.6549715113279814,
      0.6548468219621308,
      0.6546511187078133,
      0.6546343721590391,
      0.6544735717700579,
      0.6542869567649475,
      0.6542809900542987,
      0.636155490733946,
      0.653844322614471,
      0.6537145594118827,
      0.6536951556578036,
      0.6536910361494097,
      0.6535712729737884,
      0.6536838997999143,
      0.6537117711005033,
      0.6536760332658512,
      0.6536684002854366,
      0.6536550961210363,
      0.6536272556132502,
      0.6536302794339639,
      0.6536227097268693,
      0.6536324010883708,
      0.6536378850970169,
      0.6536414278329005,
      0.6536360317971706,
      0.6536440398108792,
      0.6536451411884866,
      0.6536453056110377,
      0.6536485532078345,
      0.6536506804443146,
      0.6536664370003451,
      0.6536615634945326,
      0.6536781203253351,
      0.6536792677534824,
      0.6536885900164036,
      0.6537015335122328,
      0.6537035884573368,
      0.6537109119038067,
      0.6537241991473997,
      0.653735408452217,
      0.6537425989348391,
      0.6537693870944381,
      0.6537752871640963,
      0.6537816504447029,
      0.6537935127454972,
      0.6537883100858904,
      0.6537963100707804,
      0.6538118986142483,
      0.6538106473102155,
      0.6538168965840098,
      0.6538284836324288,
      0.6538355326236783,
      0.6538364225941496,
      0.6538459978851054,
      0.6538538056555017,
      0.6538544359930415,
      0.6538626277207944,
      0.653887528197021,
      0.6538897646125953,
      0.6539012538703092,
      0.6539029672881523,
      0.6539044265960637,
      0.6539104527022621,
      0.6539165053538404,
      0.6539204357311122,
      0.6539283172544192,
      0.6539416825128339,
      0.6539578214935844,
      0.653969800873897,
      0.6539721013459943,
      0.6539639697901267,
      0.6539522157664702,
      0.6539514931754394,
      0.6539491499751275,
      0.6539569287797372,
      0.6539441059816145,
      0.653962732817908,
      0.6539603476019343,
      0.653964283808041,
      0.6539525899371601,
      0.6539472401302524,
      0.6539492988989078,
      0.653945315630311,
      0.6539336137195552,
      0.653931871784836,
      0.6539346213280943,
      0.6539300750698748,
      0.653914852895073,
      0.6539151853272899,
      0.6538996348272758,
      0.6538968020592256,
      0.6538956036855514,
      0.6538864753322486,
      0.653888934154523,
      0.6538855676974408,
      0.6538816685128531,
      0.65387790253344,
      0.6538747398404697,
      0.653858770969677,
      0.6538517410827467,
      0.6538401694040614,
      0.6538390139417426,
      0.6538396321684012,
      0.6538357080836408,
      0.6538282691400814,
      0.6538103491576253,
      0.6538125766484624,
      0.6538093674788847,
      0.6538066727520256,
      0.6537920514319087,
      0.6537872690963619,
      0.6537840032080366,
      0.6537796113171092,
      0.6537764836172388,
      0.6537709192486829,
      0.653763730282708,
      0.6537583704280725,
      0.6537532354870876
    ],