{
  "training_session": {
    "timestamp": "20250907_221414",
    "total_episodes": 200,
    "total_time_seconds": 303.2449429035187,
    "hyperparameters": {
      "target_pos": [
        0.0,
        0.0,
        1.0
      ],
      "episode_length": 25.0,
      "dt": 0.03333333333333333,
      "use_trajectory": true,
      "trajectory_type": "spiral",
      "state_size": 8,
      "reference_size": 8,
      "action_size": 4,
      "hidden_layer_size": [
        64,
        64,
        32
      ],
      "lr_critic": 0.01,
      "lr_actor": 0.005,
      "lr_decay": 0.9999,
      "gradient_clip_value": 0.5,
      "gamma": 0.98,
      "split": false,
      "target_network": true,
      "tau": 0.001,
      "rls_state_size": 8,
      "rls_action_size": 4,
      "rls_gamma": 0.9995,
      "rls_covariance": 100.0,
      "predict_delta": false,
      "num_episodes": 200,
      "update_cycles": 2,
      "excitation_steps": 5000,
      "excitation_amplitude": 0.03,
      "normalize_states": true,
      "state_bounds": {
        "z": [
          0.0,
          5.0
        ],
        "roll": [
          -1.5707963267948966,
          1.5707963267948966
        ],
        "pitch": [
          -1.5707963267948966,
          1.5707963267948966
        ],
        "yaw": [
          -3.141592653589793,
          3.141592653589793
        ],
        "vz": [
          -12.0,
          12.0
        ],
        "wx": [
          -10.0,
          10.0
        ],
        "wy": [
          -10.0,
          10.0
        ],
        "wz": [
          -10.0,
          10.0
        ]
      },
      "log_interval": 10,
      "save_interval": 50,
      "gui": false,
      "record": false,
      "record_best_episodes": true,
      "best_episode_gui": false,
      "recording_fps": 30,
      "coordination_warmup_episodes": 200,
      "coordination_strength": 0.15
    }
  },
  "performance_summary": {
    "best_position_error": 0.27910003248538995,
    "best_episode": 180,
    "final_position_error": 5.143160975411015,
    "final_reward": 94.51622227564285,
    "convergent_episodes_count": 67,
    "convergence_rate": 0.335,
    "stable_performance_start": 72
  },
  "statistics": {
    "position_errors": {
      "mean": 2.567191090617764,
      "std": 1.9121949571682286,
      "min": 0.21602008503076642,
      "max": 6.168543113505684,
      "median": 1.8677194647812354
    },
    "rewards": {
      "mean": 182.13472194383007,
      "std": 184.27872589335405,
      "min": 15.83250051783553,
      "max": 543.3892657116207
    },
    "costs": {
      "mean": 37.96124728914346,
      "std": 30.39051089565193,
      "min": 0.07152284527131078,
      "max": 157.83745258575797
    }
  },
  "time_series_data": {
    "episode_position_errors": [
      5.243435258344498,
      5.394309905180273,
      5.215853579651094,
      5.365861688357148,
      5.258778101072813,
      5.297082235629287,
      5.074932136949546,
      5.400423154597644,
      5.175644541256568,
      5.27271523841418,
      5.568659925014321,
      5.141923510656481,
      4.992917867714056,
      4.93495640474273,
      5.199988603909811,
      4.7672118315179475,
      5.430189553759451,
      4.599123721324288,
      5.16948270566195,
      4.824293538467579,
      6.095378857236662,
      4.2223718029743464,
      5.02880416311676,
      5.261541479879735,
      4.479594372709722,
      5.885497200924268,
      0.5796153129157972,
      4.50824062469186,
      0.2635480135120807,
      0.3467968696289,
      0.43620190822196714,
      0.41143503354104916,
      5.8236214773013995,
      6.168543113505684,
      4.5659232126016835,
      5.371734560366508,
      4.855103180393954,
      0.21602008503076642,
      4.259723146934973,
      1.0176656799311201,
      5.239510943977575,
      3.729538731057062,
      1.9234303145534513,
      4.829804449796086,
      4.12555635366419,
      1.5966507446055616,
      3.139074255569575,
      2.3224389884257777,
      5.023265996543133,
      2.7824860089265107,
      0.8328354528329435,
      4.383515542831485,
      4.226689847398467,
      2.29857606482212,
      0.7217322993364228,
      1.87909998159486,
      5.189693892792155,
      0.6850913500979018,
      1.2426052027971861,
      3.500300282409451,
      3.159080064306586,
      0.7513621078121777,
      1.9226335376814094,
      1.047512441049561,
      0.5432689144215811,
      1.7325114334367977,
      0.8344813755372383,
      1.1391796189539933,
      1.9088453978186473,
      0.6536216387555931,
      6.024379109916082,
      5.838207389699453,
      0.9726226985645099,
      0.6545370047572605,
      0.6545181442871457,
      0.6542926148485568,
      0.6542753467621114,
      0.6538624482446439,
      0.6539301162679622,
      0.6539315068046622,
      0.6539355358639914,
      0.653946244223591,
      0.6538916104349326,
      0.6539244675377311,
      0.6538674570161926,
      0.653831841329935,
      0.6537872585380216,
      0.6537461950935468,
      0.6537576092186546,
      0.6537590280431952,
      0.6537765597722958,
      0.6537878838955518,
      0.6538030355771048,
      0.6538220222000827,
      0.6538398028983374,
      0.6538585837337736,
      0.6538728061466283,
      0.6538731094477115,
      0.653882010482896,
      0.6538599280227805,
      0.6538800125061771,
      0.6538796711895074,
      0.6538733853885302,
      0.6538517121833298,
      0.653852702466923,
      0.6538687632309654,
      0.653849068079267,
      0.6537982867015458,
      0.6543373539106658,
      0.6528680847159177,
      4.997619545440959,
      2.478054845468886,
      0.4980142048241382,
      1.0684378742657048,
      4.935739832218944,
      2.535470714947232,
      1.32169418895009,
      1.8563389479676111,
      0.6408916011754985,
      0.9210694014309647,
      3.711539463835724,
      0.4898419335725729,
      2.0479426268509595,
      2.8512615058188766,
      2.144332909582409,
      0.29063808271579455,
      3.4022885170882655,
      3.273668757233613,
      0.970302605542367,
      5.083615981841634,
      0.981774375417012,
      2.191666260328118,
      2.364456346885863,
      0.5465276439799033,
      0.47920804164211894,
      3.1635129044581807,
      1.9486854040046997,
      5.11818949467669,
      5.1506824274827245,
      1.7484980838236264,
      5.287980278358744,
      1.568500871067251,
      2.2718003294138938,
      1.0417242050386253,
      1.3471040715042546,
      5.430258700600643,
      4.920100582242801,
      0.5030830506182362,
      3.745747452156369,
      4.912922607637961,
      4.88160292968244,
      2.2841117996449096,
      1.0441292471553925,
      4.00205898708046,
      1.2674694358494527,
      0.609713507536286,
      0.8368193771963641,
      5.208502230794347,
      4.30807234747976,
      0.7117999872617865,
      1.6091827019083436,
      5.057576972571719,
      1.0395756804667127,
      1.5746221906617837,
      2.0274842059035714,
      1.3074526709285779,
      2.797305698925497,
      1.7782228540337606,
      4.800728783960005,
      1.3624819714651388,
      4.740658998612971,
      1.6186438366352187,
      1.48162839851321,
      4.840475742055563,
      1.4561609550901817,
      1.1994821099431154,
      1.309615580057531,
      4.914686751096456,
      1.39719435873273,
      4.843994493156282,
      0.27910003248538995,
      2.8075297669609873,
      2.6962409694399634,
      0.9141142072630308,
      5.301150490051236,
      1.150998250151836,
      1.4372024891242408,
      1.3652623336827245,
      4.120871597842419,
      4.818055645319607,
      1.7358467991514384,
      1.3423148875538125,
      0.6947107431594075,
      5.00324668172932,
      2.6260925151958743,
      2.525198768796447,
      2.852077932712193,
      1.7697085212315555,
      4.783717798332179,
      5.143160975411015
    ],