{
  "training_session": {
    "timestamp": "20250908_233203",
    "total_episodes": 200,
    "total_time_seconds": 130.78292298316956,
    "hyperparameters": {
      "target_pos": [
        0.0,
        0.0,
        1.0
      ],
      "episode_length": 25.0,
      "dt": 0.03333333333333333,
      "use_trajectory": true,
      "trajectory_type": "spiral",
      "state_size": 8,
      "reference_size": 8,
      "action_size": 4,
      "hidden_layer_size": [
        64,
        64,
        32
      ],
      "lr_critic": 0.01,
      "lr_actor": 0.005,
      "lr_decay": 0.9999,
      "gradient_clip_value": 0.5,
      "gamma": 0.98,
      "split": false,
      "target_network": true,
      "tau": 0.001,
      "rls_state_size": 8,
      "rls_action_size": 4,
      "rls_gamma": 0.9995,
      "rls_covariance": 100.0,
      "predict_delta": false,
      "num_episodes": 200,
      "update_cycles": 2,
      "excitation_steps": 5000,
      "excitation_amplitude": 0.03,
      "normalize_states": true,
      "state_bounds": {
        "z": [
          0.0,
          5.0
        ],
        "roll": [
          -1.5707963267948966,
          1.5707963267948966
        ],
        "pitch": [
          -1.5707963267948966,
          1.5707963267948966
        ],
        "yaw": [
          -3.141592653589793,
          3.141592653589793
        ],
        "vz": [
          -12.0,
          12.0
        ],
        "wx": [
          -10.0,
          10.0
        ],
        "wy": [
          -10.0,
          10.0
        ],
        "wz": [
          -10.0,
          10.0
        ]
      },
      "log_interval": 10,
      "save_interval": 50,
      "gui": false,
      "record": false,
      "record_best_episodes": true,
      "best_episode_gui": false,
      "recording_fps": 30,
      "coordination_warmup_episodes": 200,
      "coordination_strength": 0.15
    }
  },
  "performance_summary": {
    "best_position_error": 0.21342561248240358,
    "best_episode": 99,
    "final_position_error": 1.3368488047052622,
    "final_reward": 104.98044757159185,
    "convergent_episodes_count": 47,
    "convergence_rate": 0.235,
    "stable_performance_start": -1
  },
  "statistics": {
    "position_errors": {
      "mean": 2.6645240239679846,
      "std": 1.8405227995920235,
      "min": 0.1260039523014514,
      "max": 5.837352550581983,
      "median": 2.26080926945826
    },
    "rewards": {
      "mean": 83.12397231544665,
      "std": 40.12544927985566,
      "min": 11.101284149838479,
      "max": 346.2277229397468
    },
    "costs": {
      "mean": 52.69823274404058,
      "std": 29.58672878818858,
      "min": 6.55939097857658,
      "max": 160.87753389951394
    }
  },
  "time_series_data": {
    "episode_position_errors": [
      4.8769780705477705,
      4.767270782683112,
      4.996789541235511,
      4.8125176560875165,
      5.069154881810224,
      5.205721727239308,
      4.946253109141225,
      4.9209649537813105,
      4.875509144732558,
      5.030753156137369,
      5.837352550581983,
      0.27804283838002736,
      0.3578765101532109,
      0.33238426723136305,
      0.3251212735742016,
      0.3831179963812299,
      4.861791026267864,
      4.995111218671379,
      4.867325388714338,
      5.5572600665932494,
      5.770125827485538,
      0.2699497518799794,
      5.299484148255165,
      0.1320238963624637,
      0.13329130133665162,
      0.1668492283981332,
      0.1631801264061636,
      0.16600088219124998,
      0.17056111956005301,
      0.20007471474987648,
      5.425896149181871,
      4.265266351681196,
      0.27813091308397137,
      0.608477665839449,
      5.304608882304488,
      0.34230345630021086,
      0.5645839241987489,
      0.3722049742812942,
      0.3782173160224847,
      2.444246373478369,
      0.2164614029534793,
      0.38610850396580687,
      0.865349334516822,
      2.8740809719537035,
      1.4988407391922878,
      0.1260039523014514,
      3.840789730157677,
      4.982535214172115,
      2.9797291317384014,
      0.5194406012959563,
      1.2582067097543959,
      1.1283099213305072,
      2.151279759540855,
      4.415249687775644,
      4.652805484102475,
      2.3657096768197965,
      1.5258567334742845,
      3.065458031013206,
      5.206233238655118,
      1.695154831222038,
      2.407577044902888,
      0.7975072995206866,
      1.540985015157467,
      1.748635236058615,
      0.831491020430005,
      4.7501826243181045,
      2.373970328879793,
      2.8139005865831095,
      4.978839420150895,
      4.830717360964412,
      4.645359833933444,
      2.910970824003704,
      0.752877956817605,
      5.362481849230918,
      3.6526820292460953,
      0.6411035168291203,
      1.8713537723144342,
      0.5693609912054707,
      0.887048367005158,
      5.213029386184683,
      5.130953609837635,
      1.8885049734927826,
      1.1913253418073526,
      2.879568296526445,
      1.216873406875367,
      1.6645875740738922,
      0.7784651082275378,
      2.2607294718939683,
      2.564188949904127,
      3.4764912540829704,
      1.2223566104513233,
      5.2064479461005115,
      5.162334835329427,
      3.5979679161791136,
      5.131962201741718,
      5.141115065373663,
      5.046106314565883,
      1.5268246138147612,
      3.7250274298040207,
      0.21342561248240358,
      0.7774743525119044,
      1.423132241647283,
      1.9971340685504313,
      1.4826890226228915,
      2.274635253062693,
      0.5116508555560182,
      2.1945237288055393,
      5.313856999291824,
      4.170056455663525,
      2.0376174780873932,
      3.123910926632718,
      1.9009200537582724,
      1.8055482717969726,
      1.4308693139929751,
      1.3287606041407751,
      0.9890466623755192,
      3.191540597604075,
      2.8015281766883984,
      0.299919094578947,
      2.664176606370741,
      0.26181930833582934,
      2.4400995682404583,
      5.242725299800983,
      5.130734200138427,
      5.026486679341479,
      0.4434233813347767,
      1.3345456060637113,
      4.075427251008591,
      4.960967402709993,
      1.93643935082605,
      5.041672763524032,
      1.627346983393693,
      0.5996673550684883,
      1.946965905129696,
      0.43334594299654483,
      3.2152173132423814,
      0.3691754360630321,
      1.1329371240433783,
      1.1091695040153433,
      0.7514223034323005,
      1.3310837617867561,
      2.8646247104546982,
      5.066785984810997,
      1.5707399384608975,
      4.663446659295298,
      3.098046951690543,
      2.3225925391124207,
      4.982325993896254,
      1.6225592957207917,
      4.420720238307695,
      5.177029569810308,
      5.294871239173636,
      1.5198836189738276,
      2.5681516247334413,
      4.883850182883087,
      5.138228351861965,
      1.6695819670987813,
      4.887763452969773,
      1.9372063872968224,
      2.4003344495714423,
      0.5550975691845106,
      5.1419582813470655,
      0.5540553463683715,
      3.2828079382808273,
      1.1789285450575702,
      0.29264682727775376,
      2.2456426011197093,
      5.085416232069332,
      4.74554764688623,
      5.264344880560527,
      4.97689862074935,
      5.190812710156553,
      2.1435172109313245,
      5.310453038748179,
      5.114612061240751,
      1.729772718150057,
      0.22670777591256813,
      1.4915362072177272,
      2.8504347438045654,
      1.213813682562316,
      0.5569883721409399,
      1.105029565228729,
      1.4399953835957982,
      1.6211838299310903,
      2.4705857591577787,
      2.2608890670225517,
      1.846653617329331,
      1.2160764649893825,
      1.7636022725549918,
      4.475689400621242,
      4.81511360428376,
      1.0306817843597877,
      2.2391470044968003,
      2.7899865280128173,
      5.221858812217427,
      4.864638134357643,
      2.339132751045899,
      1.3931464181988475,
      5.192438406184341,
      1.3368488047052622
    ],