{
  "training_session": {
    "timestamp": "20250912_185818",
    "total_episodes": 200,
    "total_time_seconds": 265.3164072036743,
    "hyperparameters": {
      "target_pos": [
        0.0,
        0.0,
        1.0
      ],
      "episode_length": 25.0,
      "dt": 0.03333333333333333,
      "use_trajectory": true,
      "trajectory_type": "spiral",
      "state_size": 8,
      "reference_size": 8,
      "action_size": 4,
      "hidden_layer_size": [
        64,
        64,
        32
      ],
      "lr_critic": 0.01,
      "lr_actor": 0.005,
      "lr_decay": 0.9999,
      "gradient_clip_value": 0.5,
      "gamma": 0.98,
      "split": false,
      "target_network": true,
      "tau": 0.001,
      "rls_state_size": 8,
      "rls_action_size": 4,
      "rls_gamma": 0.9995,
      "rls_covariance": 100.0,
      "predict_delta": false,
      "num_episodes": 200,
      "update_cycles": 5,
      "excitation_steps": 5000,
      "excitation_amplitude": 0.03,
      "normalize_states": true,
      "state_bounds": {
        "z": [
          0.0,
          5.0
        ],
        "roll": [
          -1.5707963267948966,
          1.5707963267948966
        ],
        "pitch": [
          -1.5707963267948966,
          1.5707963267948966
        ],
        "yaw": [
          -3.141592653589793,
          3.141592653589793
        ],
        "vz": [
          -12.0,
          12.0
        ],
        "wx": [
          -10.0,
          10.0
        ],
        "wy": [
          -10.0,
          10.0
        ],
        "wz": [
          -10.0,
          10.0
        ]
      },
      "log_interval": 10,
      "save_interval": 50,
      "gui": false,
      "record": false,
      "record_best_episodes": true,
      "best_episode_gui": false,
      "recording_fps": 30,
      "coordination_warmup_episodes": 200,
      "coordination_strength": 0.15
    }
  },
  "performance_summary": {
    "best_position_error": 0.2846382671059314,
    "best_episode": 20,
    "final_position_error": 4.6324151202646515,
    "final_reward": 95.61094271159679,
    "convergent_episodes_count": 25,
    "convergence_rate": 0.125,
    "stable_performance_start": -1
  },
  "statistics": {
    "position_errors": {
      "mean": 2.827142976658448,
      "std": 1.6177883427350859,
      "min": 0.17634096469177796,
      "max": 5.942091940842783,
      "median": 2.410088277815064
    },
    "rewards": {
      "mean": 96.15408760855267,
      "std": 38.59264309891113,
      "min": 16.334868259909037,
      "max": 227.40843273488585
    },
    "costs": {
      "mean": 46.768824295458415,
      "std": 24.110537354599234,
      "min": 4.785389058372839,
      "max": 129.48330714662654
    }
  },
  "time_series_data": {
    "episode_position_errors": [
      4.8108881162780595,
      4.789265149964714,
      5.815107971551956,
      4.775805225774738,
      4.938661671685111,
      4.889872235068214,
      4.844416602965069,
      4.81203024404849,
      4.806080565749702,
      5.942091940842783,
      4.178910505261313,
      4.756840670590185,
      0.17634096469177796,
      0.22708643472426196,
      0.2991995774215431,
      5.0127921926306245,
      5.649933475051233,
      4.8331698112428505,
      3.9334553511444477,
      1.8564450361523275,
      0.2846382671059314,
      1.9850946302031665,
      1.2276691141326286,
      1.176622940964215,
      1.7423549616420855,
      1.3500906778074322,
      5.657038854260369,
      2.2588016892433425,
      1.271268691208959,
      0.4577437056134193,
      1.5597126740070226,
      2.890974790405804,
      2.2672095542761506,
      2.9756199374055607,
      3.6786676511006577,
      4.8593939313152585,
      1.1326326593226224,
      0.35351354280985603,
      3.528374301988015,
      0.9914881075995635,
      1.362949931993037,
      4.364769145917221,
      0.9739390773296885,
      0.48065480330133475,
      2.1341080376648462,
      2.632347979011331,
      2.5311581030909434,
      5.646939638693369,
      1.9551051914689102,
      0.622509796861081,
      2.407409361140584,
      0.8951176959757557,
      2.153483445325667,
      0.9705071357369948,
      0.3722853134412438,
      5.190774924297787,
      5.660381371559436,
      4.266387109385056,
      5.094956615281384,
      4.604014072624581,
      4.203384435946401,
      3.3068845130779083,
      3.1678880160608514,
      2.184548068890832,
      0.9870926938895324,
      2.7905608146533534,
      0.3305276819327091,
      1.548288214009984,
      2.0017829359976216,
      4.8971740882557775,
      1.8322375121365673,
      1.1374327730174605,
      1.4676725244841522,
      2.4127671944895437,
      2.9504783057782396,
      5.1023366238431445,
      1.972135662743872,
      3.3327914585535803,
      3.681214635956396,
      1.0077976384922838,
      1.7005819271424338,
      0.5694796201258129,
      4.6627452538277145,
      1.528434599937667,
      4.79014902007053,
      2.5234153406362663,
      1.9287207204403263,
      1.6595649540419017,
      2.3353060684319056,
      1.5084670374199594,
      1.3023819311959728,
      2.058280594245256,
      2.2692379385637875,
      0.9268220693335257,
      2.017392338630489,
      5.465493885195518,
      2.952595650138701,
      5.113236714931108,
      1.6634397176652798,
      5.1618802046445955,
      1.911322318428277,
      1.481221792018107,
      1.1879182066951506,
      1.8296785576228498,
      1.1765726580118374,
      3.7559930923384495,
      2.4227001143430944,
      5.150288822831934,
      1.6684524506490332,
      4.0365519642861925,
      3.567921834358826,
      5.020444322841566,
      3.992190262778274,
      5.151225802751475,
      1.5767266709104792,
      3.388533349794174,
      5.2335055759404145,
      4.848578124626407,
      2.100704647308445,
      2.692785488919777,
      2.206306654714634,
      3.263961176780982,
      1.3546053384521781,
      2.6203208367870148,
      5.1527436105427915,
      1.4799980354004165,
      1.9320147767544946,
      2.0652137069356753,
      4.71798684974406,
      1.4170985405509458,
      0.861102766931797,
      0.7996421173733088,
      4.789059095598624,
      2.2504854460069272,
      0.5449262041906459,
      2.641406700931903,
      1.6499076757079176,
      1.0668620536941393,
      4.93730857181621,
      5.135641272148508,
      4.941268911928911,
      1.8162637952055076,
      2.3810735196117454,
      2.5189516993448806,
      5.284520983654885,
      5.015955694542453,
      2.556014553017743,
      2.610001092549612,
      0.4619611828133126,
      5.069782341665636,
      4.617804749283437,
      3.032973121170911,
      1.5808776691697135,
      1.9034414948859204,
      1.7090338070171107,
      5.064044758473016,
      1.6594055592781964,
      2.2881065445395294,
      1.381840367582129,
      1.7963180459432497,
      1.4426047838788343,
      2.8058717582238195,
      2.5482658473627864,
      4.78966235040205,
      2.4877205258476507,
      4.99134969432826,
      3.52495124593558,
      5.138844413896115,
      3.002837440937922,
      1.765668049167955,
      2.142588466098671,
      0.38400644746423807,
      3.6111486087856997,
      1.0096226193014932,
      4.675081549101004,
      5.402103520558769,
      5.240350079727271,
      0.30437540342493247,
      2.7780127712188905,
      5.250254008527986,
      2.600521956006792,
      1.9692211288482289,
      1.8184300723620122,
      2.1064368890197085,
      2.2225834516105993,
      1.8177056108907332,
      2.1292627495370664,
      2.7619592708395304,
      3.35729198304862,
      1.8798692511028066,
      4.541304043942471,
      1.4091672098129917,
      0.5157725114092031,
      5.31276171960321,
      3.0585294122104143,
      1.854684545358704,
      1.9118705098146827,
      0.47774999618196445,
      5.216466381258853,
      4.6324151202646515
    ],