{
  "training_session": {
    "timestamp": "20250907_191113",
    "total_episodes": 200,
    "total_time_seconds": 1001.980712890625,
    "hyperparameters": {
      "target_pos": [
        0.0,
        0.0,
        1.0
      ],
      "episode_length": 25.0,
      "dt": 0.03333333333333333,
      "use_trajectory": true,
      "trajectory_type": "spiral",
      "state_size": 8,
      "reference_size": 8,
      "action_size": 4,
      "hidden_layer_size": [
        64,
        64,
        32
      ],
      "lr_critic": 0.01,
      "lr_actor": 0.005,
      "lr_decay": 0.9999,
      "gradient_clip_value": 0.5,
      "gamma": 0.98,
      "split": false,
      "target_network": true,
      "tau": 0.001,
      "rls_state_size": 8,
      "rls_action_size": 4,
      "rls_gamma": 0.9995,
      "rls_covariance": 100.0,
      "predict_delta": false,
      "num_episodes": 200,
      "update_cycles": 2,
      "excitation_steps": 5000,
      "excitation_amplitude": 0.03,
      "normalize_states": true,
      "state_bounds": {
        "z": [
          0.0,
          5.0
        ],
        "roll": [
          -1.5707963267948966,
          1.5707963267948966
        ],
        "pitch": [
          -1.5707963267948966,
          1.5707963267948966
        ],
        "yaw": [
          -3.141592653589793,
          3.141592653589793
        ],
        "vz": [
          -12.0,
          12.0
        ],
        "wx": [
          -10.0,
          10.0
        ],
        "wy": [
          -10.0,
          10.0
        ],
        "wz": [
          -10.0,
          10.0
        ]
      },
      "log_interval": 10,
      "save_interval": 50,
      "gui": false,
      "record": false,
      "record_best_episodes": true,
      "best_episode_gui": false,
      "recording_fps": 30,
      "coordination_warmup_episodes": 200,
      "coordination_strength": 0.15
    }
  },
  "performance_summary": {
    "best_position_error": 0.6501814628272673,
    "best_episode": 191,
    "final_position_error": 5.112381636862393,
    "final_reward": 316.64466417891913,
    "convergent_episodes_count": 136,
    "convergence_rate": 0.68,
    "stable_performance_start": 83
  },
  "statistics": {
    "position_errors": {
      "mean": 1.5967150131567456,
      "std": 1.6635293432569382,
      "min": 0.2355987401448484,
      "max": 6.05211561679533,
      "median": 0.6542382498943078
    },
    "rewards": {
      "mean": 347.11736121879034,
      "std": 233.38505601675382,
      "min": 17.69344071898026,
      "max": 547.048003917796
    },
    "costs": {
      "mean": 27.417094502468466,
      "std": 38.32049569575784,
      "min": 0.07094427775650278,
      "max": 226.7209075348796
    }
  },
  "time_series_data": {
    "episode_position_errors": [
      5.0696693236449635,
      5.176583302094601,
      5.58220438670096,
      5.127943926294683,
      5.351872788881108,
      5.2604931611167505,
      5.013495450602266,
      1.7663854978637137,
      0.3638808501519434,
      0.36473007547784925,
      4.838413749131535,
      5.165627735484668,
      5.282262189361017,
      5.230496361704852,
      5.2258368693514035,
      4.8522562442161306,
      6.022000789935148,
      5.403657546475543,
      4.874263346948952,
      5.705386385799469,
      0.5706455793419567,
      4.9699751763844455,
      0.4013102625022305,
      0.3373209023488049,
      0.38874120948883184,
      5.335911457858754,
      4.850381637338892,
      6.05211561679533,
      0.2355987401448484,
      4.307800118167865,
      0.5696904436757196,
      1.678859471555716,
      0.5885507552823988,
      0.39701100634722575,
      5.1364620911468455,
      0.4040120185141596,
      4.180056921066969,
      1.878414768211933,
      1.694424978375416,
      0.5007291576177532,
      0.6318984242216006,
      1.218230663152607,
      1.5452839340610263,
      1.6490150355161368,
      5.067745413143062,
      0.29323840512401755,
      1.3600479993452157,
      1.7782238274754696,
      0.6059093167749282,
      2.073043947818268,
      0.4035149706509536,
      2.5500009285882523,
      4.50424500078195,
      1.2811142010098862,
      3.0504257425256522,
      0.6122637146867309,
      2.2631679808265677,
      0.714451237016104,
      1.7512656481382496,
      5.0544773306937545,
      3.6265397705143694,
      1.4160439352152954,
      1.3108478701008581,
      2.430483654739709,
      2.207142908697504,
      0.8147630228515592,
      3.9000983739318844,
      1.2739308646465708,
      2.35973447199673,
      2.896945595415553,
      2.847054268384355,
      2.7186055557041713,
      2.5619954217119942,
      4.643402177629341,
      5.257895017351037,
      0.9163048990968771,
      1.3088845210928268,
      4.105216104008081,
      2.858209839647853,
      4.182238332201073,
      4.873741637634784,
      2.743102296779602,
      2.453073884322786,
      0.7434765118164769,
      0.6590125002886419,
      0.6541779115764996,
      0.6541530768789318,
      0.6541137527838533,
      0.6540787647541525,
      0.6540402706677738,
      0.6540072282509267,
      0.6539624959903124,
      0.6538790250893084,
      0.6536947513976561,
      0.6536695306056278,
      0.6536671239455136,
      0.6536696948002964,
      0.6536897999001252,
      0.653723745388422,
      0.6537426954292814,
      0.6537688085426713,
      0.6537971604164582,
      0.6538125374606871,
      0.6538758502350807,
      0.6539620961321337,
      0.6539149965785698,
      0.654036620726857,
      0.6540629803215611,
      0.6540826389120887,
      0.6541044319568358,
      0.6541151645067708,
      0.6541482922485383,
      0.654187839622674,
      0.6541948146136258,
      0.654182330729689,
      0.6542244870245203,
      0.6542383698048981,
      0.654247358754465,
      0.6542202623712968,
      0.6542643826869123,
      0.6542775193798599,
      0.6542812900179826,
      0.6542965188985522,
      0.6542976281271504,
      0.6542977446152071,
      0.6542990763935181,
      0.65430579031894,
      0.6543094745507639,
      0.6543110617694152,
      0.6543116567603346,
      0.6542605583127887,
      0.6543043861470572,
      0.6543022805167182,
      0.6543043340604894,
      0.6543067054885549,
      0.6543015638842116,
      0.6542890131255412,
      0.6542935683854915,
      0.6542977673596256,
      0.6542162214001068,
      0.6542664688375793,
      0.654260145876107,
      0.6542649044638902,
      0.654266360331671,
      0.6542605483488775,
      0.6542581321300228,
      0.6542446697670343,
      0.6542381299837173,
      0.6542387632514556,
      0.6541772171864162,
      0.6542186023678715,
      0.6542158559582463,
      0.6541396426562442,
      0.6541921346015228,
      0.6541844487511496,
      0.654117322861179,
      0.654187216267972,
      0.6541660354117255,
      0.6541544217649723,
      0.6541450588443339,
      0.6541323839576588,
      0.6541218695366962,
      0.6541122902571884,
      0.6541003298077432,
      0.6541014950388108,
      0.6540821505738378,
      0.6540749173720084,
      0.6540731420498721,
      0.65405460973028,
      0.6540545594991312,
      0.6540432070442197,
      0.6540546285960296,
      0.6540532973660214,
      0.6540046108402386,
      0.6540399969727099,
      0.6539913900497205,
      0.6540337917254628,
      0.6540284891036662,
      0.654024039544236,
      0.6540202488888242,
      0.6540092076428271,
      0.6540047208595104,
      0.6539913537595676,
      0.6539681719649423,
      0.6539063670636944,
      0.6538847033973404,
      0.6538715316474503,
      0.6538231705193611,
      0.6537789808572197,
      0.65374896294221,
      0.6537316578179826,
      0.6501814628272673,
      0.653490612790218,
      0.6541999991682815,
      0.6528892236132984,
      0.6562765657768266,
      0.6541860361230107,
      0.651568710551319,
      0.6523571261967378,
      5.112381636862393
    ],