{
  "training_session": {
    "timestamp": "20250912_191730",
    "total_episodes": 200,
    "total_time_seconds": 250.70443081855774,
    "hyperparameters": {
      "target_pos": [
        0.0,
        0.0,
        1.0
      ],
      "episode_length": 25.0,
      "dt": 0.03333333333333333,
      "use_trajectory": true,
      "trajectory_type": "spiral",
      "state_size": 8,
      "reference_size": 8,
      "action_size": 4,
      "hidden_layer_size": [
        64,
        64,
        32
      ],
      "lr_critic": 0.01,
      "lr_actor": 0.005,
      "lr_decay": 0.9999,
      "gradient_clip_value": 0.5,
      "gamma": 0.98,
      "split": false,
      "target_network": true,
      "tau": 0.001,
      "rls_state_size": 8,
      "rls_action_size": 4,
      "rls_gamma": 0.9995,
      "rls_covariance": 100.0,
      "predict_delta": false,
      "num_episodes": 200,
      "update_cycles": 5,
      "excitation_steps": 5000,
      "excitation_amplitude": 0.03,
      "normalize_states": true,
      "state_bounds": {
        "z": [
          0.0,
          5.0
        ],
        "roll": [
          -1.5707963267948966,
          1.5707963267948966
        ],
        "pitch": [
          -1.5707963267948966,
          1.5707963267948966
        ],
        "yaw": [
          -3.141592653589793,
          3.141592653589793
        ],
        "vz": [
          -12.0,
          12.0
        ],
        "wx": [
          -10.0,
          10.0
        ],
        "wy": [
          -10.0,
          10.0
        ],
        "wz": [
          -10.0,
          10.0
        ]
      },
      "log_interval": 10,
      "save_interval": 50,
      "gui": false,
      "record": false,
      "record_best_episodes": true,
      "best_episode_gui": false,
      "recording_fps": 30,
      "coordination_warmup_episodes": 200,
      "coordination_strength": 0.15
    }
  },
  "performance_summary": {
    "best_position_error": 0.2488931345655916,
    "best_episode": 157,
    "final_position_error": 1.3632445550114636,
    "final_reward": 116.78981037371179,
    "convergent_episodes_count": 42,
    "convergence_rate": 0.21,
    "stable_performance_start": -1
  },
  "statistics": {
    "position_errors": {
      "mean": 2.79745195470407,
      "std": 1.7435989359063955,
      "min": 0.13985250033089996,
      "max": 5.371484395711797,
      "median": 2.482971275542904
    },
    "rewards": {
      "mean": 92.9342454926673,
      "std": 37.95899853212849,
      "min": 9.604052356044415,
      "max": 264.3913843154096
    },
    "costs": {
      "mean": 52.4527685027185,
      "std": 29.78155556283324,
      "min": 7.1043725569419935,
      "max": 182.38147939511455
    }
  },
  "time_series_data": {
    "episode_position_errors": [
      5.193379673556185,
      5.2611521141877065,
      5.219063659236274,
      5.253625829097126,
      5.207133556952975,
      5.145320315510745,
      5.166585420282399,
      4.867465443408696,
      4.992442696861544,
      5.063904289151081,
      5.198592047665341,
      5.276396640751783,
      0.40048213291974744,
      5.353082546566882,
      0.3843391719626417,
      5.371484395711797,
      2.921537605637686,
      0.13985250033089996,
      0.1905359739433763,
      0.17067256379890544,
      0.21368863654624962,
      0.34517759041887214,
      5.280199048999443,
      0.20064447153338397,
      0.4493103054041114,
      3.4460793691685256,
      0.3074990844948142,
      3.064030680249622,
      4.542706306289187,
      4.313573208504147,
      4.985038835473886,
      5.025710826216235,
      5.218386148520222,
      1.7085626573946657,
      4.888180191903083,
      2.223877907984198,
      2.691765284802669,
      1.0783626581054901,
      2.9342019278711,
      3.19090522820935,
      3.107030021034628,
      3.8304081539789308,
      3.9493344664626853,
      4.33927601581226,
      2.557584403866705,
      0.5783035529104741,
      0.7934483175110228,
      4.874562909621187,
      3.7124566290113843,
      0.9628497924580978,
      4.979947737563937,
      4.940313560934613,
      2.541923453901753,
      2.056169715063135,
      1.732871236352069,
      0.7882620737217733,
      3.6970560578669227,
      2.9727207175241297,
      3.4344146915113196,
      2.12143533026929,
      3.7436986570457806,
      1.6546223513873834,
      4.9394618730612345,
      0.5825242313532745,
      0.622405429801436,
      5.151970082731468,
      3.3507741779262363,
      0.8372999878323483,
      0.9251197767738892,
      0.4702478404579002,
      1.8487477944316923,
      5.1118678797950245,
      1.8157308002735089,
      1.2433389644287722,
      5.321412926739168,
      4.977773297693818,
      0.5409292840301699,
      0.6728825931835472,
      1.371042606655283,
      2.499007037485996,
      5.153506020722486,
      1.5584734826504283,
      1.6531213951038246,
      0.6915942957866035,
      2.549055962198164,
      3.2547950749341674,
      1.1733598953407767,
      4.924932904318785,
      5.047958255996651,
      2.2199318718563132,
      1.3021262241659328,
      4.845775751094325,
      4.2190008223789945,
      2.3029291809140724,
      2.9122246182040197,
      4.928393032863051,
      5.0818145616028145,
      2.42138978932649,
      3.1074118176465624,
      4.831093013887237,
      4.570752330453453,
      1.8517141937374575,
      1.7408022297178634,
      1.4729694876963435,
      0.5671811890145769,
      5.03192987685419,
      0.718939989824033,
      1.1126856926537114,
      1.4761035360281134,
      2.4669355135998123,
      1.310046982034029,
      2.2656283276299978,
      1.4768125776854935,
      5.030101612226173,
      1.5469837364579084,
      4.60905585013632,
      5.136348551480407,
      1.6619512626924904,
      1.3874308247442761,
      1.769880997768781,
      1.8166252013666357,
      2.0459605949580113,
      0.6744088174196956,
      4.872328250440141,
      2.1183795573075668,
      2.505715076191909,
      5.219183101241211,
      0.6172726494026639,
      1.7206115866647549,
      1.810097114705396,
      2.8753587432985177,
      0.6037679731556809,
      5.0721927613143425,
      2.9078775680415925,
      2.5455455976129104,
      3.0020560515608787,
      1.8606867758166574,
      5.087351745356753,
      0.9955797230083705,
      1.3923421773866564,
      5.004959197496873,
      1.742842532083856,
      4.018597452172292,
      2.2318862086235454,
      2.3716229141335785,
      0.7923063191104684,
      2.7208345059045738,
      0.8626317656710043,
      4.484825318643647,
      1.398297357222656,
      4.982066197571404,
      0.36791901502487784,
      0.8505517919615444,
      0.9026961302979559,
      5.110838399965863,
      0.7598156034166419,
      1.9539992093757594,
      0.2488931345655916,
      3.903933192009671,
      5.2489680308506035,
      0.9386839104855386,
      5.016111022935497,
      0.42150375558821923,
      2.6716619148878022,
      1.777749720255804,
      1.2427861309251969,
      2.202292513951325,
      2.2262516797820706,
      0.8925954728323059,
      5.09581367030624,
      1.2782802073010957,
      2.293581987725577,
      5.19824789827848,
      2.4099584430661998,
      1.663445845732102,
      1.596446331718848,
      5.130946845470023,
      1.4083196664397202,
      0.491957215464322,
      4.936574317017262,
      5.206024227450656,
      5.1524717646603495,
      4.889259074472585,
      0.8424725279574553,
      1.425804948670164,
      3.8038380357909607,
      5.265980856086439,
      2.7451705068324563,
      0.45011584525953735,
      4.976471991233704,
      2.950009918310896,
      3.331924443278752,
      1.4950830264708326,
      4.963316600336606,
      2.404075669932794,
      2.760463987534766,
      0.7191297776847382,
      5.05274047714909,
      1.1784407046589462,
      1.3632445550114636
    ],