{
  "training_session": {
    "timestamp": "20250912_193305",
    "total_episodes": 200,
    "total_time_seconds": 771.9274661540985,
    "hyperparameters": {
      "target_pos": [
        0.0,
        0.0,
        1.0
      ],
      "episode_length": 25.0,
      "dt": 0.03333333333333333,
      "use_trajectory": true,
      "trajectory_type": "spiral",
      "state_size": 8,
      "reference_size": 8,
      "action_size": 4,
      "hidden_layer_size": [
        64,
        64,
        32
      ],
      "lr_critic": 0.01,
      "lr_actor": 0.005,
      "lr_decay": 0.9999,
      "gradient_clip_value": 0.5,
      "gamma": 0.98,
      "split": false,
      "target_network": true,
      "tau": 0.001,
      "rls_state_size": 8,
      "rls_action_size": 4,
      "rls_gamma": 0.9995,
      "rls_covariance": 100.0,
      "predict_delta": false,
      "num_episodes": 200,
      "update_cycles": 5,
      "excitation_steps": 5000,
      "excitation_amplitude": 0.03,
      "normalize_states": true,
      "state_bounds": {
        "z": [
          0.0,
          5.0
        ],
        "roll": [
          -1.5707963267948966,
          1.5707963267948966
        ],
        "pitch": [
          -1.5707963267948966,
          1.5707963267948966
        ],
        "yaw": [
          -3.141592653589793,
          3.141592653589793
        ],
        "vz": [
          -12.0,
          12.0
        ],
        "wx": [
          -10.0,
          10.0
        ],
        "wy": [
          -10.0,
          10.0
        ],
        "wz": [
          -10.0,
          10.0
        ]
      },
      "log_interval": 10,
      "save_interval": 50,
      "gui": false,
      "record": false,
      "record_best_episodes": true,
      "best_episode_gui": false,
      "recording_fps": 30,
      "coordination_warmup_episodes": 200,
      "coordination_strength": 0.15
    }
  },
  "performance_summary": {
    "best_position_error": 0.4093612304090824,
    "best_episode": 172,
    "final_position_error": 1.4402314720963785,
    "final_reward": 104.99296650338628,
    "convergent_episodes_count": 95,
    "convergence_rate": 0.475,
    "stable_performance_start": 72
  },
  "statistics": {
    "position_errors": {
      "mean": 1.8958775237374506,
      "std": 1.6567421196201055,
      "min": 0.15875922179446464,
      "max": 5.901027568815491,
      "median": 1.120581410290694
    },
    "rewards": {
      "mean": 308.41374994927236,
      "std": 276.7890231787235,
      "min": 10.834578653965671,
      "max": 662.4925078524454
    },
    "costs": {
      "mean": 36.56461464271707,
      "std": 38.769938256166036,
      "min": 0.1352358156778101,
      "max": 186.55385246088215
    }
  },
  "time_series_data": {
    "episode_position_errors": [
      5.59837727561646,
      3.7397531645631203,
      0.15875922179446464,
      0.2279329840388129,
      5.901027568815491,
      5.026262709548059,
      4.856036175953145,
      4.830153550383508,
      4.944266194250834,
      4.891460639693984,
      4.928957045408662,
      4.8406266864203635,
      4.897371768063664,
      0.5425520996144555,
      0.6736043203328049,
      5.143543085457941,
      0.2661640583761661,
      0.6149518380611081,
      0.7174198457560801,
      0.5103001311369169,
      2.0735775348387495,
      2.216263066692662,
      1.67692713952016,
      0.36450040394011,
      0.39669385389695994,
      1.727041151410207,
      0.3251830157054537,
      2.9133066603054547,
      3.7076815458382923,
      0.46542964595070613,
      3.826068737671529,
      0.36836149145841235,
      0.33409368437154746,
      0.6259171590148963,
      3.406829705210017,
      5.008662736967084,
      5.0684751541236635,
      4.91980078320587,
      5.068387568981172,
      1.0548871649854556,
      2.450268558210855,
      1.9602589518995506,
      4.469604505928473,
      2.380966690695214,
      2.7310403984780245,
      2.4917150564244324,
      4.502696843281528,
      4.282942779732348,
      5.121151956571578,
      2.911529363402532,
      1.921159271533286,
      2.843827932499563,
      2.849995911301317,
      2.597613427980609,
      2.473042488998652,
      5.161470711549875,
      1.1965844698006953,
      2.271296786160136,
      1.9988606044978277,
      1.6658560869955625,
      1.364081057135289,
      4.471978959510193,
      2.0703514625264536,
      2.985187202037223,
      2.1681463040609708,
      1.7276537157682486,
      1.4103521960791465,
      4.929323186412156,
      1.6341079869162745,
      2.9216143079804886,
      1.935142844803331,
      1.9958307932481414,
      0.5959143911701954,
      0.5959962198255682,
      0.5954659048576856,
      0.5957540037526502,
      0.5961920275148526,
      0.5969205392927087,
      0.5962955241209321,
      0.5964343344589353,
      0.5968280249312203,
      0.5964621844180283,
      0.5954319705140092,
      0.59549115708092,
      0.5955075470344436,
      0.5956156464645254,
      0.595687058515833,
      0.5958030380877506,
      0.5957891744919442,
      0.5959870039759343,
      0.5959250758987774,
      0.5961300876062324,
      0.5960590770823584,
      0.5962906335955129,
      0.5962260025297969,
      0.5965032010725579,
      0.5963837353527305,
      0.5964406890470166,
      0.5966801851609419,
      0.5965919183883558,
      0.5966518448518624,
      0.5968213253940926,
      0.5967814458829911,
      0.5968026935866012,
      0.5968027998014559,
      0.5968021648791094,
      0.5968263526082378,
      0.5968459232177514,
      0.5968530513119678,
      0.5968616146054164,
      0.5968769446105606,
      0.5968989795122057,
      0.5969170061976797,
      0.5969401006085866,
      0.5969619837944828,
      0.5969833995177718,
      0.5970005339625801,
      0.5970186026731055,
      0.5970259657686446,
      0.5970348811344154,
      0.5970397247225058,
      0.5970497745787786,
      0.5970578897500172,
      0.5970717920494216,
      0.5970758433760703,
      0.5971025642287517,
      0.5971054265847786,
      0.5971119030500067,
      0.597107871363392,
      0.5971076507113788,
      0.597099152877595,
      0.5971077646908134,
      0.5971147388918496,
      0.5970841498300393,
      0.5970880192124454,
      0.597057932908855,
      0.596950464579835,
      0.5965353672734374,
      0.5965457502421933,
      0.5968965737887024,
      0.5967903543036898,
      0.5968974961780029,
      0.5967850370871861,
      0.5968668115387895,
      0.5964012557658864,
      0.5968465451025703,
      0.5967029094382751,
      2.6819518317805278,
      4.705048902765072,
      1.4345663570618734,
      4.4540779458420365,
      5.1157498187028505,
      2.365099836090326,
      1.4451229875464258,
      1.0680881757862968,
      4.879142961278633,
      0.9275430679051585,
      1.0389646974013498,
      1.598880071894688,
      1.3385034016973976,
      2.8244125255252883,
      4.930144686486409,
      4.928998560618564,
      2.828025289821766,
      1.2074852167502812,
      1.5746930948389415,
      2.1560796929948998,
      1.173074644795091,
      5.140937593695749,
      4.953463792860871,
      5.08683350037681,
      0.9672072451082532,
      0.4093612304090824,
      3.126820742780309,
      3.629014327407357,
      0.442545753152473,
      1.6631879811349057,
      1.271778488603341,
      1.5081520469312955,
      1.5552178722681165,
      1.9651528548147614,
      1.0520432278045333,
      2.678089156650043,
      2.3540382429351547,
      2.1816864627277814,
      3.002864255457333,
      5.430930782530969,
      2.4319061557592683,
      5.0806314585581935,
      1.728360230735671,
      5.233758679341933,
      1.5427245637030567,
      1.4904248582095527,
      5.391301770095185,
      4.653870604390619,
      2.087275809274744,
      0.7330487548024397,
      1.0052736679783958,
      1.762341283230046,
      1.4402314720963785
    ],