{
  "training_session": {
    "timestamp": "20250907_214306",
    "total_episodes": 200,
    "total_time_seconds": 187.6354603767395,
    "hyperparameters": {
      "target_pos": [
        0.0,
        0.0,
        1.0
      ],
      "episode_length": 25.0,
      "dt": 0.03333333333333333,
      "use_trajectory": true,
      "trajectory_type": "spiral",
      "state_size": 8,
      "reference_size": 8,
      "action_size": 4,
      "hidden_layer_size": [
        64,
        64,
        32
      ],
      "lr_critic": 0.01,
      "lr_actor": 0.005,
      "lr_decay": 0.9999,
      "gradient_clip_value": 0.5,
      "gamma": 0.98,
      "split": false,
      "target_network": true,
      "tau": 0.001,
      "rls_state_size": 8,
      "rls_action_size": 4,
      "rls_gamma": 0.9995,
      "rls_covariance": 100.0,
      "predict_delta": false,
      "num_episodes": 200,
      "update_cycles": 2,
      "excitation_steps": 5000,
      "excitation_amplitude": 0.03,
      "normalize_states": true,
      "state_bounds": {
        "z": [
          0.0,
          5.0
        ],
        "roll": [
          -1.5707963267948966,
          1.5707963267948966
        ],
        "pitch": [
          -1.5707963267948966,
          1.5707963267948966
        ],
        "yaw": [
          -3.141592653589793,
          3.141592653589793
        ],
        "vz": [
          -12.0,
          12.0
        ],
        "wx": [
          -10.0,
          10.0
        ],
        "wy": [
          -10.0,
          10.0
        ],
        "wz": [
          -10.0,
          10.0
        ]
      },
      "log_interval": 10,
      "save_interval": 50,
      "gui": false,
      "record": false,
      "record_best_episodes": true,
      "best_episode_gui": false,
      "recording_fps": 30,
      "coordination_warmup_episodes": 200,
      "coordination_strength": 0.15
    }
  },
  "performance_summary": {
    "best_position_error": 0.1466212140995593,
    "best_episode": 177,
    "final_position_error": 0.9723561042916654,
    "final_reward": 54.737722428594346,
    "convergent_episodes_count": 59,
    "convergence_rate": 0.295,
    "stable_performance_start": 94
  },
  "statistics": {
    "position_errors": {
      "mean": 2.690645543548115,
      "std": 1.8986850586247654,
      "min": 0.1466212140995593,
      "max": 6.288218773798793,
      "median": 2.2788964673814136
    },
    "rewards": {
      "mean": 121.62420731796554,
      "std": 123.1402682098567,
      "min": 12.264466822129222,
      "max": 544.2193879335408
    },
    "costs": {
      "mean": 50.14393179955843,
      "std": 33.343602219483984,
      "min": 0.1409354653795406,
      "max": 182.0258351777074
    }
  },
  "time_series_data": {
    "episode_position_errors": [
      4.738350709078262,
      4.733647251951401,
      4.811862418880157,
      4.793788103614751,
      4.78034581428909,
      5.277023012902389,
      5.152719964817754,
      5.255612300814364,
      4.753795854522962,
      5.293067407413294,
      5.262055693446249,
      5.099219542933274,
      5.164247817494486,
      6.288218773798793,
      0.3013279607310424,
      0.37168917351673275,
      0.392854200651553,
      0.39893098451660275,
      0.39474255033627725,
      0.46543092331977404,
      0.5145239302892972,
      0.45871446531037324,
      0.606403638719914,
      4.887815814469162,
      4.921170305408401,
      5.002911899567899,
      4.654748053785736,
      4.928995959569715,
      0.6822090253260997,
      4.974674606098627,
      5.283973534114945,
      4.64331690296843,
      4.722213484083614,
      5.1436705281350905,
      5.079035490830695,
      0.2517273315909404,
      0.534923467303777,
      3.391083322434438,
      0.33370211868924177,
      0.36328830988740984,
      0.33656657294320613,
      0.3384871915737937,
      4.132444157642822,
      0.5202578332228519,
      0.2131842486360329,
      0.176722662541772,
      4.201814602821672,
      0.20135732776859946,
      0.1527191209492313,
      0.21248564692391217,
      0.43077526595188026,
      5.0617312819812605,
      0.2945152981511468,
      1.2003245055659915,
      4.162028462648918,
      4.962100169436603,
      1.0169659316103634,
      4.9521790431118164,
      5.204597833098595,
      0.5025844993029973,
      1.6165301449648386,
      4.867696441167586,
      5.250020445108667,
      4.896212440791723,
      2.6939388446735575,
      2.433096808088515,
      0.6599211728500302,
      1.1959948445350237,
      2.231463119000875,
      4.826111776499574,
      3.4635442523137367,
      0.7853212892691449,
      3.249874317915907,
      4.147919091316707,
      2.622149757204445,
      3.4067082228966936,
      1.4404014879787983,
      4.849488109435993,
      4.745812324093731,
      3.0943113326790312,
      0.9376314207547478,
      4.806708093309545,
      1.0732593156184904,
      1.7641573247549291,
      0.6233512689525732,
      1.1439754224505383,
      2.001782138179031,
      5.213275288013754,
      5.259205295384873,
      5.241348503933085,
      3.586867068369073,
      2.1755303887735002,
      1.299298873747032,
      4.37297095982785,
      0.9353674409211206,
      0.6547667071860238,
      0.6545162581614247,
      0.6544871121870223,
      0.6543585890689455,
      0.6543135952012198,
      0.6541729188836114,
      0.6539463256311715,
      0.6567858743223453,
      0.6598325038691265,
      0.7418523200455269,
      0.7078220521999911,
      0.64965029687681,
      0.6550979095162496,
      0.64130688226408,
      1.7218581590395772,
      4.9013643368460675,
      4.910783545634516,
      2.353558581791819,
      4.211704505344513,
      4.0515982453434045,
      3.5247745513936737,
      0.48840930258418164,
      5.337939829792621,
      1.0827342174518158,
      1.3376579476067523,
      4.758389153502779,
      5.008467125868434,
      1.0517395957850735,
      0.5806809792039408,
      0.6818339038566824,
      4.681375498617722,
      1.8294280292524574,
      2.2735775326721974,
      5.033179394672697,
      1.4206743891751177,
      1.3696510440016603,
      1.5065305132663869,
      4.809489811573611,
      1.8458320988237147,
      1.6170910463117814,
      2.3322533457979713,
      2.3867752222723104,
      5.572033574422283,
      3.9350353946207006,
      4.551376743767059,
      1.7392777105285648,
      4.8317092344759,
      2.253602895828633,
      4.8131436221542305,
      1.835248789952893,
      2.588729649144681,
      3.073062068302445,
      3.913030804276416,
      2.74663488337488,
      4.966671753174686,
      3.399323913160174,
      1.7655425649922143,
      1.7731446562788495,
      2.726127865208751,
      5.068128314844487,
      2.2189074275893526,
      0.651190141314626,
      5.245493652427027,
      3.5730847401360744,
      1.6897495844171475,
      1.9040099186770814,
      0.4522215166752335,
      2.48972196183982,
      1.817628623487092,
      0.7357181410500199,
      4.4908400015980625,
      1.3150741578968337,
      2.771296163806855,
      1.4417584949281446,
      0.7735997139770834,
      0.8612320728735369,
      1.5098476892475878,
      5.269957593446158,
      1.1701455602820066,
      1.125581235053089,
      5.132650388240196,
      3.154721722401472,
      0.1466212140995593,
      5.279692504711106,
      2.6038053805130983,
      1.355980491412505,
      0.7410562540290258,
      1.0550108041669402,
      1.0275195885998003,
      4.885107562440471,
      5.066276558922416,
      4.741149551241731,
      5.029106346009754,
      5.045239089269412,
      0.8225511478791665,
      0.2980186555752662,
      5.255210269020071,
      1.8152748564439465,
      4.0085783181953545,
      5.388487802351407,
      0.29383427813961177,
      2.28421540209063,
      0.8050872232278139,
      5.167293784951593,
      0.9723561042916654
    ],