{
  "training_session": {
    "timestamp": "20250908_202854",
    "total_episodes": 200,
    "total_time_seconds": 209.76698756217957,
    "hyperparameters": {
      "target_pos": [
        0.0,
        0.0,
        1.0
      ],
      "episode_length": 25.0,
      "dt": 0.03333333333333333,
      "use_trajectory": true,
      "trajectory_type": "spiral",
      "state_size": 8,
      "reference_size": 8,
      "action_size": 4,
      "hidden_layer_size": [
        64,
        64,
        32
      ],
      "lr_critic": 0.01,
      "lr_actor": 0.005,
      "lr_decay": 0.9999,
      "gradient_clip_value": 0.5,
      "gamma": 0.98,
      "split": false,
      "target_network": true,
      "tau": 0.001,
      "rls_state_size": 8,
      "rls_action_size": 4,
      "rls_gamma": 0.9995,
      "rls_covariance": 100.0,
      "predict_delta": false,
      "num_episodes": 200,
      "update_cycles": 2,
      "excitation_steps": 5000,
      "excitation_amplitude": 0.03,
      "normalize_states": true,
      "state_bounds": {
        "z": [
          0.0,
          5.0
        ],
        "roll": [
          -1.5707963267948966,
          1.5707963267948966
        ],
        "pitch": [
          -1.5707963267948966,
          1.5707963267948966
        ],
        "yaw": [
          -3.141592653589793,
          3.141592653589793
        ],
        "vz": [
          -12.0,
          12.0
        ],
        "wx": [
          -10.0,
          10.0
        ],
        "wy": [
          -10.0,
          10.0
        ],
        "wz": [
          -10.0,
          10.0
        ]
      },
      "log_interval": 10,
      "save_interval": 50,
      "gui": false,
      "record": false,
      "record_best_episodes": true,
      "best_episode_gui": false,
      "recording_fps": 30,
      "coordination_warmup_episodes": 200,
      "coordination_strength": 0.15
    }
  },
  "performance_summary": {
    "best_position_error": 0.16219639825821833,
    "best_episode": 116,
    "final_position_error": 2.9562963411895953,
    "final_reward": 71.47462547843176,
    "convergent_episodes_count": 41,
    "convergence_rate": 0.205,
    "stable_performance_start": -1
  },
  "statistics": {
    "position_errors": {
      "mean": 2.8969691082666533,
      "std": 1.8047880516203425,
      "min": 0.09868332409022189,
      "max": 7.129595967599024,
      "median": 2.5961709918485294
    },
    "rewards": {
      "mean": 136.0489330280526,
      "std": 122.18071386593546,
      "min": 9.671419780032274,
      "max": 534.2644916212544
    },
    "costs": {
      "mean": 51.929369008823194,
      "std": 44.54186036123939,
      "min": 1.0895165957424695,
      "max": 233.06597978685724
    }
  },
  "time_series_data": {
    "episode_position_errors": [
      5.191214231892681,
      5.265008964573989,
      5.3226183266268,
      5.064473279443969,
      5.10551013476303,
      5.353686421273585,
      5.099410799528079,
      5.184881408069428,
      5.12609184174439,
      5.046338721405124,
      5.076948407143211,
      5.861176261125316,
      5.167547047890358,
      5.565601162418763,
      5.258949329972817,
      5.1228074590589445,
      5.365381130464404,
      5.110030316392753,
      6.167982863892082,
      4.992858021042878,
      4.805802269219806,
      4.893173357701348,
      4.468971921971352,
      5.161569812421051,
      4.472106671934331,
      5.164881534917611,
      6.157845524888017,
      5.447910941055844,
      0.3180951904051907,
      4.248007402128558,
      0.339002500765753,
      0.5348392831011775,
      0.22898199219642107,
      0.19753688053661067,
      0.2228821112069447,
      7.129595967599024,
      0.09868332409022189,
      0.2735487078139831,
      1.0270210740609007,
      0.29319825951778355,
      2.0989940829419242,
      0.6707937171126419,
      0.6626036232484694,
      1.1365280314315074,
      0.8938059025410449,
      5.38131646922873,
      1.7855032067478647,
      0.971375736501244,
      0.8878382289647185,
      0.6983186134002373,
      2.5448349301011457,
      2.9211175139878156,
      0.5269320567915178,
      2.0734745593176753,
      2.9978934441805407,
      0.6790995152388681,
      0.16342822478908264,
      0.9346382927929137,
      1.3002516924511494,
      0.8612809827751431,
      1.220775605235648,
      0.8595161212171465,
      0.6653218169424816,
      0.8042819515742626,
      5.068176908750991,
      0.38933871924094554,
      0.9992197126033803,
      0.7266060681879956,
      5.302408022347297,
      4.370228540298204,
      5.148097471397897,
      1.750805816811282,
      4.955068571153716,
      4.764531202158038,
      3.8735320730247467,
      1.0298538868182527,
      5.059089968278017,
      4.509275485341163,
      4.999965190088189,
      3.107862324645129,
      4.51635099063898,
      3.4722165063716557,
      0.9969725072765544,
      2.0668012216514726,
      3.1442713256347057,
      4.93623099488924,
      2.1823021867298924,
      5.247717914877964,
      3.2312812491346086,
      1.1731088264321645,
      4.547817613428591,
      1.2748787312355456,
      1.9312916913683587,
      0.3575205162893463,
      5.0149715116333295,
      2.414967485374386,
      2.0979240910379757,
      2.289381827494637,
      1.6005228958377178,
      2.103436954936668,
      1.28092809904764,
      2.3227417869635083,
      2.199859423072652,
      2.8740700344296415,
      2.7214004251267925,
      1.5291012403290767,
      2.399101849428223,
      1.0043853999086978,
      2.4945841323723434,
      1.375825925366725,
      4.360390262317284,
      3.936297390017184,
      4.814798108974529,
      4.821118506501062,
      0.4367937730008741,
      5.781774036575441,
      0.16219639825821833,
      2.9648257839713903,
      3.3415380891633513,
      5.30689956084502,
      1.7976576483199709,
      1.18744026579272,
      1.988046552947432,
      3.1569818892713726,
      1.2087582558336794,
      0.9396658208460039,
      3.6264612781549506,
      4.802252305512136,
      3.918703304076488,
      3.00139135875237,
      2.502040736702718,
      1.037529135525806,
      2.7971400368604797,
      1.5688540304466239,
      3.2760282302924213,
      1.397173638720065,
      0.5962306183404973,
      3.830432339408375,
      5.6113041096661815,
      5.331349743764712,
      4.986421105617262,
      1.749257244445389,
      2.4333031347215694,
      5.110979166021316,
      4.850567431503898,
      1.3417886636117686,
      1.631654875839078,
      3.9123243911550634,
      2.2460703537042783,
      5.386451418740022,
      3.314381097612514,
      2.443564381590148,
      4.674247562392089,
      1.1915434288461693,
      3.82913696485333,
      2.532152839345115,
      5.517970425085045,
      5.372522058497919,
      0.7123020930370411,
      4.022007628738121,
      2.236079626547177,
      2.7672382407169294,
      0.9271461266717761,
      1.9302501357811404,
      2.333119432731235,
      5.377753274171476,
      3.2562119166996943,
      4.962745385944495,
      2.1541517866547935,
      2.6722416488637184,
      0.4869786206046988,
      2.25755162218189,
      0.6633992059325314,
      2.6475070535959135,
      1.8795575015112018,
      2.0795164899793734,
      2.686859049760979,
      5.176541794696395,
      2.14369151336909,
      2.9123160320243375,
      3.670981614612571,
      0.8936598374246992,
      0.7971645124195671,
      2.2046353366676823,
      2.223988385798368,
      5.117851054188505,
      2.1477920344195147,
      1.6576413207539118,
      0.8176449099868308,
      0.21769749710985503,
      5.007687625358307,
      1.7885221458788223,
      2.743853275607257,
      1.098322883803442,
      3.0097698786011504,
      4.379792862678216,
      2.8773926219249533,
      0.8631473805426275,
      1.0802837064768023,
      2.9562963411895953
    ],