{
  "training_session": {
    "timestamp": "20250908_223912",
    "total_episodes": 200,
    "total_time_seconds": 176.37329292297363,
    "hyperparameters": {
      "target_pos": [
        0.0,
        0.0,
        1.0
      ],
      "episode_length": 25.0,
      "dt": 0.03333333333333333,
      "use_trajectory": true,
      "trajectory_type": "spiral",
      "state_size": 8,
      "reference_size": 8,
      "action_size": 4,
      "hidden_layer_size": [
        64,
        64,
        32
      ],
      "lr_critic": 0.01,
      "lr_actor": 0.005,
      "lr_decay": 0.9999,
      "gradient_clip_value": 0.5,
      "gamma": 0.98,
      "split": false,
      "target_network": true,
      "tau": 0.001,
      "rls_state_size": 8,
      "rls_action_size": 4,
      "rls_gamma": 0.9995,
      "rls_covariance": 100.0,
      "predict_delta": false,
      "num_episodes": 200,
      "update_cycles": 2,
      "excitation_steps": 5000,
      "excitation_amplitude": 0.03,
      "normalize_states": true,
      "state_bounds": {
        "z": [
          0.0,
          5.0
        ],
        "roll": [
          -1.5707963267948966,
          1.5707963267948966
        ],
        "pitch": [
          -1.5707963267948966,
          1.5707963267948966
        ],
        "yaw": [
          -3.141592653589793,
          3.141592653589793
        ],
        "vz": [
          -12.0,
          12.0
        ],
        "wx": [
          -10.0,
          10.0
        ],
        "wy": [
          -10.0,
          10.0
        ],
        "wz": [
          -10.0,
          10.0
        ]
      },
      "log_interval": 10,
      "save_interval": 50,
      "gui": false,
      "record": false,
      "record_best_episodes": true,
      "best_episode_gui": false,
      "recording_fps": 30,
      "coordination_warmup_episodes": 200,
      "coordination_strength": 0.15
    }
  },
  "performance_summary": {
    "best_position_error": 0.24008693807772485,
    "best_episode": 142,
    "final_position_error": 4.884183445662497,
    "final_reward": 81.55404321273932,
    "convergent_episodes_count": 43,
    "convergence_rate": 0.215,
    "stable_performance_start": -1
  },
  "statistics": {
    "position_errors": {
      "mean": 2.79912061764971,
      "std": 1.7973800492842478,
      "min": 0.15250370992025608,
      "max": 6.808320159432985,
      "median": 2.452303418515748
    },
    "rewards": {
      "mean": 118.46481647440415,
      "std": 117.55837985598475,
      "min": 13.607618601794226,
      "max": 665.312221706177
    },
    "costs": {
      "mean": 48.07133453231181,
      "std": 26.779656244062412,
      "min": 0.1043678491300959,
      "max": 157.17635963144275
    }
  },
  "time_series_data": {
    "episode_position_errors": [
      4.956129071827082,
      4.842617944663794,
      5.703844588177719,
      5.308868843087719,
      5.383178864605001,
      4.8973398866560505,
      5.205331561851496,
      4.918645753113128,
      5.216757699710514,
      5.1248495459283046,
      5.185210893329616,
      5.619697977903954,
      6.808320159432985,
      0.2345763421928275,
      0.21589977698132987,
      0.2407813057299535,
      0.38440215757557694,
      4.7879583766234575,
      0.30429200714628746,
      0.2891741418941112,
      6.007456726768172,
      0.3555657080639613,
      3.8034445897237155,
      0.17847289614520775,
      0.18294078878430223,
      0.15250370992025608,
      0.15634399505623042,
      4.8631767116914455,
      0.34303629006012615,
      2.471743164690539,
      1.5026310934835316,
      0.8125697909901897,
      2.1131639071862955,
      0.5681142871089944,
      1.1431994384432083,
      0.6325169757758475,
      4.113179922377601,
      0.15829758049945183,
      4.955710696029718,
      0.7333093657511253,
      0.8388612164148841,
      0.6273223938892232,
      5.093158741743207,
      1.2734800341271522,
      2.9164418440489683,
      4.156541951757136,
      0.2062129194333806,
      3.1708761060819053,
      1.7438696124087465,
      4.409590887423614,
      2.5517549730103783,
      5.406873718655072,
      4.554218489954148,
      1.4324714328650527,
      4.555572880331487,
      4.884923899263481,
      2.167626296552209,
      2.113043800930051,
      1.4727836232567282,
      4.914393372460031,
      5.6650698448853545,
      5.030389013210597,
      3.0462072926738433,
      3.2759942897316474,
      5.094266513481609,
      3.6867199467729406,
      2.510903430061157,
      4.530516327151825,
      2.263401689874637,
      1.8749129450120698,
      2.173960014423277,
      1.357598723178843,
      1.876358857452592,
      2.9102056324523895,
      1.7688702438884947,
      5.064145803463069,
      2.535696396737253,
      0.5584634188319885,
      1.6402790646687961,
      3.7808802197741342,
      3.320269832513985,
      3.674575473400254,
      4.990757158193293,
      4.186487273013337,
      0.7307897992093061,
      2.4328636723409565,
      4.654187081977951,
      0.558178767383868,
      0.5581910878033869,
      0.5581458798968213,
      0.5580791036903221,
      0.5588506985313411,
      0.5598605638716692,
      1.5698247698081444,
      4.367277448428494,
      3.1673015759191263,
      3.4773665884739073,
      3.133888579372829,
      0.6204959776880278,
      0.5161382955325291,
      3.7109444502035984,
      0.6833228227165946,
      0.3957356548500674,
      4.8672844446619825,
      1.5366159949059552,
      2.6398817991100803,
      3.9192038603054136,
      3.0741018893821264,
      5.01334557094275,
      1.5594773325246944,
      4.803916701588774,
      1.4689823587445796,
      1.5413975132608024,
      2.382808105617054,
      1.4113931661600352,
      1.4749966801404994,
      1.7863402691461507,
      4.37646652726743,
      1.8651951272293645,
      2.324232936745619,
      3.4965373503078916,
      1.410759941139788,
      3.249770820892739,
      3.7795033785257166,
      0.7123692081569537,
      4.192666918387639,
      4.9519325248016415,
      5.1879144156687005,
      5.230417837981659,
      1.2942877718650116,
      2.765678412770133,
      1.0549220667949535,
      1.5663680682072312,
      2.048031959712111,
      4.852650863166624,
      4.822265115306624,
      4.925752124504933,
      3.9736323050454825,
      5.400972436784906,
      2.493328619561831,
      1.4347681614122165,
      5.232095277655546,
      0.24008693807772485,
      4.929976233701986,
      2.3210138184884577,
      4.975232109602038,
      1.927911041016245,
      2.298330621737612,
      2.6228738277558485,
      2.4125014531988316,
      2.1909492715971313,
      5.133527188658516,
      0.6971153126578079,
      0.4221056036314462,
      4.8289569900308695,
      0.9380499344313449,
      1.2844352728757145,
      4.801671136134646,
      2.1642628108158193,
      2.9745058698707254,
      2.1729966563997642,
      5.0101848727714975,
      5.187905786860325,
      1.9619848279319796,
      1.9801121963643968,
      1.3763494622266013,
      4.892346186106433,
      2.5515977194153994,
      5.085906520538484,
      2.551865605317119,
      1.662461294945066,
      2.4149302914920456,
      1.6180782777486908,
      1.9284393714394392,
      0.9534414312062712,
      0.39839469462448546,
      0.4003396605174519,
      0.2683133188796834,
      1.014206546521294,
      5.340732600172612,
      2.2622013173166056,
      1.8758083369938345,
      5.051864271025675,
      1.4137086892136204,
      1.9738907412798286,
      5.164468932618882,
      5.089698693770804,
      5.167521972750721,
      4.855009216995591,
      2.017575355795088,
      5.312165536887974,
      3.7098625564147483,
      0.5345200254014696,
      4.9758600755478355,
      1.2252939290216849,
      0.31285501264054566,
      3.868418155508181,
      2.790468082958458,
      2.288745615858583,
      4.884183445662497
    ],