{
  "training_session": {
    "timestamp": "20250909_094453",
    "total_episodes": 200,
    "total_time_seconds": 143.8489761352539,
    "hyperparameters": {
      "target_pos": [
        0.0,
        0.0,
        1.0
      ],
      "episode_length": 25.0,
      "dt": 0.03333333333333333,
      "use_trajectory": true,
      "trajectory_type": "spiral",
      "state_size": 8,
      "reference_size": 8,
      "action_size": 4,
      "hidden_layer_size": [
        64,
        64,
        32
      ],
      "lr_critic": 0.001,
      "lr_actor": 0.0005,
      "lr_decay": 0.9999,
      "gradient_clip_value": 0.5,
      "gamma": 0.98,
      "split": false,
      "target_network": true,
      "tau": 0.001,
      "rls_state_size": 8,
      "rls_action_size": 4,
      "rls_gamma": 0.9995,
      "rls_covariance": 100.0,
      "predict_delta": false,
      "num_episodes": 200,
      "update_cycles": 2,
      "excitation_steps": 5000,
      "excitation_amplitude": 0.03,
      "normalize_states": true,
      "state_bounds": {
        "z": [
          0.0,
          5.0
        ],
        "roll": [
          -1.5707963267948966,
          1.5707963267948966
        ],
        "pitch": [
          -1.5707963267948966,
          1.5707963267948966
        ],
        "yaw": [
          -3.141592653589793,
          3.141592653589793
        ],
        "vz": [
          -12.0,
          12.0
        ],
        "wx": [
          -10.0,
          10.0
        ],
        "wy": [
          -10.0,
          10.0
        ],
        "wz": [
          -10.0,
          10.0
        ]
      },
      "log_interval": 10,
      "save_interval": 50,
      "gui": false,
      "record": false,
      "record_best_episodes": true,
      "best_episode_gui": false,
      "recording_fps": 30,
      "coordination_warmup_episodes": 200,
      "coordination_strength": 0.15
    }
  },
  "performance_summary": {
    "best_position_error": 3.6712120060127136,
    "best_episode": 93,
    "final_position_error": 4.904478451769711,
    "final_reward": 32.36987325219031,
    "convergent_episodes_count": 0,
    "convergence_rate": 0.0,
    "stable_performance_start": -1
  },
  "statistics": {
    "position_errors": {
      "mean": 5.025283623866889,
      "std": 0.19017381582869228,
      "min": 3.6712120060127136,
      "max": 5.988023206008742,
      "median": 4.998433938207861
    },
    "rewards": {
      "mean": 44.89942992769917,
      "std": 17.02095921730776,
      "min": 31.446184566644646,
      "max": 171.36849622863798
    },
    "costs": {
      "mean": 42.306953720483186,
      "std": 9.525965671834717,
      "min": 22.429343522106027,
      "max": 63.983057663035126
    }
  },
  "time_series_data": {
    "episode_position_errors": [
      5.267625032486037,
      5.2667924467565905,
      5.2733481954205175,
      5.210539577376676,
      5.183410646089033,
      5.195262635890301,
      5.188018856578428,
      5.146193876553569,
      5.15689256961117,
      5.2349217667441685,
      5.474396377147856,
      5.233485273156183,
      5.056060840165457,
      5.084439788780398,
      5.1208650926107895,
      5.049371721927631,
      5.091696684624607,
      5.218011825821469,
      5.258135595057413,
      5.200475366500078,
      5.078407042765168,
      5.200415726688385,
      5.0736926907811055,
      5.269401913336196,
      5.043160459990345,
      5.100126837723833,
      5.078234150834146,
      5.083966541975929,
      5.07331326408563,
      5.032134764763778,
      5.033046351346597,
      5.049663469505472,
      5.090653483218267,
      5.228275374129519,
      5.206000787066368,
      5.063424296990735,
      5.320853453500691,
      4.987115166957317,
      5.097937730905485,
      4.998999901584995,
      5.035404323987615,
      5.224602399728963,
      4.94031074515886,
      5.186148506149867,
      5.145450902813207,
      5.117979097534954,
      4.9910991953101265,
      4.964418985115102,
      4.95454732683705,
      5.037846297868712,
      5.022772490317522,
      4.976448561573845,
      4.99988686770713,
      4.983771183728023,
      4.958440445372402,
      4.987290129203241,
      5.010414679657999,
      4.957662771641404,
      5.020304324515792,
      5.07386689520453,
      5.13207032573591,
      5.686773431172603,
      5.112260678834551,
      5.03527416448385,
      5.047589434155636,
      4.9482186064579405,
      4.986264779175511,
      4.969159548743154,
      5.012160867623726,
      4.986456915129301,
      4.993632696314244,
      5.115437906768155,
      4.951092803913829,
      5.244708792368548,
      4.9219574204604495,
      4.906557723305885,
      4.896458077690267,
      4.980220309449328,
      5.478685377164238,
      5.000418038013788,
      4.937275482309676,
      4.960297871505973,
      4.998042905337025,
      5.157294318632624,
      5.076449130186845,
      4.96654253195975,
      4.971617466110086,
      4.94328464914014,
      5.473684682125293,
      5.093916004791227,
      5.170882078217547,
      5.11985741983576,
      5.015678549508092,
      3.6712120060127136,
      5.066049069560933,
      5.1067425001899265,
      5.135056718894164,
      5.028064586557588,
      5.150361144450289,
      5.092050873302572,
      5.002792881630273,
      5.062783947069255,
      4.938828056158812,
      5.15280318609799,
      5.988023206008742,
      4.958022343497962,
      4.882083606814734,
      4.885542057431503,
      4.909709455275633,
      5.114133286140061,
      5.139558490121575,
      5.1982857529986255,
      5.150648583897092,
      5.121057536075429,
      5.160698344681548,
      5.1537959597660326,
      4.891796749251033,
      4.94328773883235,
      5.080192813105301,
      4.977840376259792,
      4.944968998622448,
      5.141968899254267,
      5.0317055728060724,
      5.380975720564199,
      5.294082602492455,
      4.963589372331406,
      4.065232366181336,
      4.988960417702157,
      5.085877691312858,
      4.9735172855613605,
      5.000440683214338,
      4.987078835185375,
      4.978923518482663,
      5.049106152047774,
      4.917229005727494,
      4.936680037737075,
      4.96076565815001,
      4.9843968181208425,
      4.913374293195392,
      5.017173322631364,
      5.179661614480778,
      4.959045719007817,
      5.0921175978783095,
      4.915891018742029,
      4.870351547133494,
      4.951432096531676,
      4.8691590451858096,
      4.899359067675518,
      4.8771878586613004,
      4.895135504637942,
      4.879182462338577,
      4.886294649113538,
      4.876754221890908,
      4.883389708697691,
      4.876885360216311,
      4.90790921702612,
      4.8650868045566895,
      4.879389310552958,
      4.890866144644573,
      4.921026107826594,
      4.881720964188519,
      4.900812371069229,
      5.037965835185364,
      5.029263777833048,
      5.0188832197574085,
      5.033997497069379,
      4.998824971078697,
      4.937529500549591,
      4.959125013981788,
      4.917318506332664,
      4.955824314671883,
      4.923818611322582,
      4.9115097589097125,
      4.871511415487438,
      4.896630225982785,
      4.926625611359757,
      4.926504929547371,
      4.882888329374585,
      4.911808039244444,
      4.912343195386028,
      4.937268345112789,
      4.932303591501885,
      4.95314660634406,
      4.913489940246591,
      4.882795144785781,
      4.929308665643731,
      4.94584800279889,
      4.934379465532485,
      4.869861643513705,
      4.9561134541305485,
      4.957419922783528,
      4.886369207668536,
      4.947492503725818,
      4.912271580708253,
      4.908074226212488,
      4.875166362288914,
      4.888802239598099,
      4.8891333276850935,
      4.9468477312975665,
      4.904478451769711
    ],