{
  "training_session": {
    "timestamp": "20250908_194750",
    "total_episodes": 200,
    "total_time_seconds": 112.95467638969421,
    "hyperparameters": {
      "target_pos": [
        0.0,
        0.0,
        1.0
      ],
      "episode_length": 25.0,
      "dt": 0.03333333333333333,
      "use_trajectory": true,
      "trajectory_type": "spiral",
      "state_size": 8,
      "reference_size": 8,
      "action_size": 4,
      "hidden_layer_size": [
        64,
        64,
        32
      ],
      "lr_critic": 0.01,
      "lr_actor": 0.005,
      "lr_decay": 0.9999,
      "gradient_clip_value": 0.5,
      "gamma": 0.98,
      "split": false,
      "target_network": true,
      "tau": 0.001,
      "rls_state_size": 8,
      "rls_action_size": 4,
      "rls_gamma": 0.9995,
      "rls_covariance": 100.0,
      "predict_delta": false,
      "num_episodes": 200,
      "update_cycles": 2,
      "excitation_steps": 5000,
      "excitation_amplitude": 0.03,
      "normalize_states": true,
      "state_bounds": {
        "z": [
          0.0,
          5.0
        ],
        "roll": [
          -1.5707963267948966,
          1.5707963267948966
        ],
        "pitch": [
          -1.5707963267948966,
          1.5707963267948966
        ],
        "yaw": [
          -3.141592653589793,
          3.141592653589793
        ],
        "vz": [
          -12.0,
          12.0
        ],
        "wx": [
          -10.0,
          10.0
        ],
        "wy": [
          -10.0,
          10.0
        ],
        "wz": [
          -10.0,
          10.0
        ]
      },
      "log_interval": 10,
      "save_interval": 50,
      "gui": false,
      "record": false,
      "record_best_episodes": true,
      "best_episode_gui": false,
      "recording_fps": 30,
      "coordination_warmup_episodes": 200,
      "coordination_strength": 0.15
    }
  },
  "performance_summary": {
    "best_position_error": 0.2320290075332333,
    "best_episode": 111,
    "final_position_error": 0.9179601867631983,
    "final_reward": 108.33489244128646,
    "convergent_episodes_count": 68,
    "convergence_rate": 0.34,
    "stable_performance_start": 20
  },
  "statistics": {
    "position_errors": {
      "mean": 2.143224739579651,
      "std": 1.7129362596573006,
      "min": 0.10439418988286579,
      "max": 5.937890915906699,
      "median": 1.493635315772498
    },
    "rewards": {
      "mean": 72.30844694078378,
      "std": 42.9023762548416,
      "min": 20.089169256175445,
      "max": 279.1886310558585
    },
    "costs": {
      "mean": 71.76998251804764,
      "std": 35.923181862395545,
      "min": 15.047170888177703,
      "max": 209.04203910112804
    }
  },
  "time_series_data": {
    "episode_position_errors": [
      5.937890915906699,
      5.712665684169962,
      5.317128316078439,
      5.0524640071293,
      4.684184813612542,
      5.272308690159783,
      5.003801184657725,
      5.092974066582897,
      5.222777757427417,
      4.736012423691138,
      4.876050657895169,
      5.092345710934895,
      3.2619352574831764,
      5.1350115024188225,
      0.6190525858728032,
      4.957791816681414,
      0.4607401597387417,
      0.4611218895834019,
      4.9583442866855805,
      5.396548493520426,
      0.3959608844242365,
      0.7168116421882565,
      0.5775072834004618,
      0.3898040888358729,
      0.3989172549681459,
      0.2868284540646633,
      0.2769705645455777,
      0.4051195820794556,
      0.4771902894844181,
      0.44830050231643553,
      0.4761735473827969,
      0.47074919385071673,
      0.4502408714154607,
      0.4862214466751583,
      0.37391801832355936,
      0.3937037402637359,
      0.41222845654160195,
      0.2996566919570415,
      0.34461531670061796,
      0.36155286012503896,
      0.40757572216831967,
      0.3580136321732434,
      0.3156271913878681,
      0.3540881091817069,
      0.9208860944066034,
      4.6560326161227605,
      0.4464188276145841,
      4.880185195903567,
      0.2916902325196671,
      4.875904282844152,
      0.34683963572792553,
      0.2727667794745911,
      0.3581250738293407,
      0.10439418988286579,
      0.702008975114013,
      0.24393748256660766,
      0.8166425946563185,
      2.6036313903153983,
      2.3696819038596564,
      0.3860522090558649,
      1.1875990749937546,
      2.4800305552484456,
      1.2843316680270112,
      0.401832729394672,
      1.4311429306077115,
      1.3252847395367484,
      2.060547055621995,
      1.2149140464727646,
      3.091742284638066,
      0.8790312403485229,
      1.042478534187361,
      4.6611634369820125,
      2.6515602497782393,
      1.1987983183262998,
      0.36507790088463393,
      1.2409516660822335,
      1.094741166263998,
      1.8730730976923855,
      1.2470570143179116,
      1.4602889915484143,
      1.248915978787397,
      0.9578238262137453,
      2.691281038474871,
      1.9367393582981718,
      5.7687279221950325,
      4.975247664004802,
      0.712943943222405,
      2.464837862123157,
      1.2615085872834668,
      1.069370053499546,
      1.5644314446015921,
      0.4874918820434803,
      1.2195979251661693,
      3.872957935448244,
      2.214559173032441,
      1.5986458671637989,
      1.1560993752113395,
      5.2912416103185125,
      1.910021049426865,
      3.0219216043677655,
      3.734363106639253,
      3.239118755008281,
      1.3201143851167487,
      2.4127705632542478,
      1.5152990955748264,
      0.899497922040276,
      0.2434123781468931,
      0.40638230061223807,
      0.5398664562937727,
      1.2843732808104817,
      4.3567376399010875,
      0.2320290075332333,
      1.448798902832227,
      1.7947495169386436,
      4.8516298748934235,
      2.6323814096558737,
      0.9746989233129282,
      5.237732380193458,
      5.237697042830043,
      4.899998651383921,
      1.0149014735401223,
      4.983110464070949,
      1.0408553067049182,
      5.105825788820375,
      0.9084127127303699,
      1.3429378833120276,
      2.454954372864617,
      0.8059954214030788,
      2.7378677812883656,
      1.9668760124568387,
      1.5488585109299235,
      1.2181438844216574,
      0.5375249854889197,
      3.598476548116879,
      0.92539429831121,
      2.142452868657804,
      5.074466796880387,
      0.5709893927552981,
      1.1431334389395904,
      0.8315996861987303,
      0.8340460336306205,
      1.5434119611822315,
      4.891476399330052,
      5.2777603328631235,
      3.422457945999443,
      0.32551475340880665,
      2.625676318086075,
      0.570489218511291,
      3.024729261123775,
      0.7519178169548558,
      0.5894451078527125,
      2.8782461940669632,
      1.4719715359701695,
      2.512716462044399,
      1.963131457079193,
      4.1445296638903155,
      0.8882259952640412,
      2.7864993999389562,
      1.5769409199958317,
      3.2734872300954434,
      1.9357772496457637,
      1.789336130672151,
      4.866748697263512,
      5.003477697348518,
      2.98890916680027,
      1.101079289424492,
      3.7560678733029946,
      1.2357295939596735,
      1.1285910592399568,
      1.193681239683648,
      2.683075676982366,
      1.947368226428026,
      2.739544794030373,
      1.5937555084081825,
      4.227121365502926,
      5.118037960195224,
      1.0710982436465948,
      2.0544632227387534,
      3.029344447366123,
      1.6185850793293182,
      0.8914591648881931,
      1.7170270161136663,
      3.2242727927398893,
      0.6793784872267165,
      1.5973543147693388,
      3.079528994149207,
      5.1448558272188905,
      2.3908700896765893,
      1.3510050590959202,
      2.691812362509309,
      0.6262548464166979,
      4.179033444795233,
      5.324276503984444,
      0.3923062277998008,
      4.67807781279184,
      1.116752894038522,
      2.729558653916762,
      0.7406059051195092,
      2.5035277313807374,
      0.9179601867631983
    ],