{
  "training_session": {
    "timestamp": "20250907_215854",
    "total_episodes": 200,
    "total_time_seconds": 384.96115350723267,
    "hyperparameters": {
      "target_pos": [
        0.0,
        0.0,
        1.0
      ],
      "episode_length": 25.0,
      "dt": 0.03333333333333333,
      "use_trajectory": true,
      "trajectory_type": "spiral",
      "state_size": 8,
      "reference_size": 8,
      "action_size": 4,
      "hidden_layer_size": [
        64,
        64,
        32
      ],
      "lr_critic": 0.01,
      "lr_actor": 0.005,
      "lr_decay": 0.9999,
      "gradient_clip_value": 0.5,
      "gamma": 0.98,
      "split": false,
      "target_network": true,
      "tau": 0.001,
      "rls_state_size": 8,
      "rls_action_size": 4,
      "rls_gamma": 0.9995,
      "rls_covariance": 100.0,
      "predict_delta": false,
      "num_episodes": 200,
      "update_cycles": 2,
      "excitation_steps": 5000,
      "excitation_amplitude": 0.03,
      "normalize_states": true,
      "state_bounds": {
        "z": [
          0.0,
          5.0
        ],
        "roll": [
          -1.5707963267948966,
          1.5707963267948966
        ],
        "pitch": [
          -1.5707963267948966,
          1.5707963267948966
        ],
        "yaw": [
          -3.141592653589793,
          3.141592653589793
        ],
        "vz": [
          -12.0,
          12.0
        ],
        "wx": [
          -10.0,
          10.0
        ],
        "wy": [
          -10.0,
          10.0
        ],
        "wz": [
          -10.0,
          10.0
        ]
      },
      "log_interval": 10,
      "save_interval": 50,
      "gui": false,
      "record": false,
      "record_best_episodes": true,
      "best_episode_gui": false,
      "recording_fps": 30,
      "coordination_warmup_episodes": 200,
      "coordination_strength": 0.15
    }
  },
  "performance_summary": {
    "best_position_error": 0.2769058534387652,
    "best_episode": 174,
    "final_position_error": 0.4184722287243268,
    "final_reward": 77.98806392903306,
    "convergent_episodes_count": 89,
    "convergence_rate": 0.445,
    "stable_performance_start": 73
  },
  "statistics": {
    "position_errors": {
      "mean": 2.1584359850669075,
      "std": 1.8030351766494312,
      "min": 0.15921525584528923,
      "max": 6.203302026295073,
      "median": 1.304915297143272
    },
    "rewards": {
      "mean": 234.99416550754094,
      "std": 212.69727240889947,
      "min": 22.27118100663971,
      "max": 542.9670785608738
    },
    "costs": {
      "mean": 33.00284639093933,
      "std": 31.398733208307736,
      "min": 0.06895422960572783,
      "max": 159.445594548944
    }
  },
  "time_series_data": {
    "episode_position_errors": [
      4.904996529529029,
      4.803094973706468,
      4.91831167140078,
      5.0336083186817016,
      5.195771830668173,
      5.2777707505980755,
      5.0436762292369774,
      4.636065727517384,
      4.754909087793074,
      4.778721194513294,
      5.557917948537985,
      0.50446110098415,
      5.197753810471968,
      6.203302026295073,
      0.5069124037008871,
      5.04864057165747,
      5.565250629982346,
      4.672630952336178,
      4.187920316678061,
      0.3838572095819222,
      0.478161013819174,
      0.4004122530805539,
      0.4391841428268063,
      5.5286901210715005,
      6.016095302009001,
      5.49809964145964,
      5.44512403251771,
      4.705481134339998,
      3.763354257654428,
      0.6904746190552374,
      0.15921525584528923,
      0.37925148892328375,
      5.1803081032266665,
      0.49467069147687337,
      2.2276323894004473,
      1.157345435955661,
      0.4735220835314634,
      1.0011896222342183,
      0.9213981804231222,
      0.9587283817074114,
      0.3632177520623499,
      0.6549289228187432,
      0.7814864773273587,
      3.3569652255489824,
      1.1851214669898589,
      2.90540286979978,
      4.539080266582468,
      0.3843228553016751,
      0.9964575572579301,
      5.030304425289735,
      5.069487730112017,
      4.723809444710198,
      5.08243882450557,
      2.1156272555922904,
      5.112749126740095,
      1.312437421489128,
      1.8531776014733676,
      1.297393172797416,
      4.661621930247798,
      3.4526144569275568,
      1.5088860800328965,
      4.073782821682358,
      4.675298905990499,
      1.7411176594370261,
      4.5870481608257645,
      2.4641322238190893,
      1.810457689931244,
      0.8852711553320906,
      1.0334723352729,
      2.7570490062994533,
      2.0371294328958154,
      2.7746927622698143,
      1.7743105432099353,
      0.653832130852332,
      0.8315251118014245,
      0.6546362075547927,
      0.654606268951359,
      0.654545701340634,
      0.654470326394598,
      0.6543915284919926,
      0.6543071334664408,
      0.6542230714480434,
      0.6541405892123112,
      0.654055325896977,
      0.6538487068584087,
      0.6537983032474408,
      0.6537372901247016,
      0.6537176710000104,
      0.6537516056381669,
      0.6538025036673025,
      0.6538207578688578,
      0.6538448762263087,
      0.6538707907344129,
      0.6538937407681082,
      0.6539305694935871,
      0.6539673829129883,
      0.6539984387147217,
      0.654026203981575,
      0.6540504904776494,
      0.6540722837722879,
      0.6540913048833927,
      0.6541065311025018,
      0.6541200418319768,
      0.6541326075896704,
      0.6541432124508573,
      0.6541516560718738,
      0.6541625710131824,
      0.6541718868824417,
      0.6541688231776686,
      0.6541599275104423,
      0.6541687386050294,
      0.6541886279132513,
      0.6541968470368863,
      0.654204537651039,
      0.6542113912820174,
      0.6542159069882036,
      0.654216577363234,
      0.6542030060644655,
      0.6542020684651993,
      0.654205473204596,
      0.6542144710488836,
      0.6542079351811875,
      0.6542068992699765,
      0.6542054157973477,
      0.6541634626318157,
      0.6541467612763611,
      0.654081403091398,
      0.6544481454091811,
      0.6457549978741546,
      0.6589599215283589,
      0.6675766077613823,
      0.6557608400731573,
      0.6552077002098415,
      0.6510347340883017,
      0.673591582108312,
      0.6499349040359026,
      0.6605226387273367,
      3.003952943824579,
      1.116203704516763,
      4.937294194867015,
      4.6969070984337105,
      2.887073154212776,
      3.098123156137183,
      1.3593076057257576,
      4.656294563886525,
      5.351169335560241,
      3.7786282412876444,
      1.680419289103616,
      1.6506518856626382,
      4.790470103451625,
      1.436824814064949,
      4.6290194260855335,
      0.6733434427656996,
      4.696395397729176,
      4.1075328250933865,
      1.1978190310594363,
      2.322434060552795,
      0.9365948836570533,
      1.4915297832994505,
      4.691061230007511,
      1.708799349053164,
      1.8162636746514367,
      1.4655778714086558,
      2.5681635738665958,
      1.9049431957423137,
      1.6459643652168179,
      1.3910268063768267,
      3.4908067608399045,
      2.11972923415181,
      4.409316178159557,
      1.8440099463482182,
      2.600813494599437,
      1.4434181237721202,
      3.323659816031891,
      0.2769058534387652,
      1.2841607225453786,
      3.0279681697724006,
      5.2126158865398065,
      2.118577910300819,
      1.2471971682351728,
      4.856787982509321,
      1.869926455797274,
      5.2586007810931905,
      1.5230831075607032,
      0.6184259851005478,
      5.292237798723906,
      2.0619882959055564,
      1.0353598478894055,
      2.5127041653693905,
      4.930325937530899,
      4.087860940000131,
      2.1993738003378835,
      1.9326205297428545,
      4.915601934892194,
      3.3182000533317377,
      1.0748487573313044,
      1.9234106140008478,
      0.5254819897282655,
      5.075407372674627,
      0.4184722287243268
    ],