{
  "training_session": {
    "timestamp": "20250908_184434",
    "total_episodes": 200,
    "total_time_seconds": 311.41014552116394,
    "hyperparameters": {
      "target_pos": [
        0.0,
        0.0,
        1.0
      ],
      "episode_length": 25.0,
      "dt": 0.03333333333333333,
      "use_trajectory": true,
      "trajectory_type": "spiral",
      "state_size": 8,
      "reference_size": 8,
      "action_size": 4,
      "hidden_layer_size": [
        64,
        64,
        32
      ],
      "lr_critic": 0.01,
      "lr_actor": 0.005,
      "lr_decay": 0.9999,
      "gradient_clip_value": 0.5,
      "gamma": 0.98,
      "split": false,
      "target_network": true,
      "tau": 0.001,
      "rls_state_size": 8,
      "rls_action_size": 4,
      "rls_gamma": 0.9995,
      "rls_covariance": 100.0,
      "predict_delta": false,
      "num_episodes": 200,
      "update_cycles": 2,
      "excitation_steps": 10000,
      "excitation_amplitude": 0.03,
      "normalize_states": true,
      "state_bounds": {
        "z": [
          0.0,
          5.0
        ],
        "roll": [
          -1.5707963267948966,
          1.5707963267948966
        ],
        "pitch": [
          -1.5707963267948966,
          1.5707963267948966
        ],
        "yaw": [
          -3.141592653589793,
          3.141592653589793
        ],
        "vz": [
          -12.0,
          12.0
        ],
        "wx": [
          -10.0,
          10.0
        ],
        "wy": [
          -10.0,
          10.0
        ],
        "wz": [
          -10.0,
          10.0
        ]
      },
      "log_interval": 10,
      "save_interval": 50,
      "gui": false,
      "record": false,
      "record_best_episodes": true,
      "best_episode_gui": false,
      "recording_fps": 30,
      "coordination_warmup_episodes": 200,
      "coordination_strength": 0.15
    }
  },
  "performance_summary": {
    "best_position_error": 0.35579583464890224,
    "best_episode": 159,
    "final_position_error": 1.8281306327059692,
    "final_reward": 120.8097884754873,
    "convergent_episodes_count": 70,
    "convergence_rate": 0.35,
    "stable_performance_start": 89
  },
  "statistics": {
    "position_errors": {
      "mean": 2.688934487933524,
      "std": 1.9796000752955774,
      "min": 0.10828582332003382,
      "max": 6.024952514630737,
      "median": 2.012843944798391
    },
    "rewards": {
      "mean": 188.7387702387845,
      "std": 186.73418678110326,
      "min": 11.101328658279208,
      "max": 549.3737916965679
    },
    "costs": {
      "mean": 43.24379878084338,
      "std": 34.26594409826714,
      "min": 0.07031446511059623,
      "max": 159.10758548315152
    }
  },
  "time_series_data": {
    "episode_position_errors": [
      5.2318085193301425,
      5.256911094131885,
      5.500421436188825,
      5.07223053750702,
      5.292248058923169,
      5.571040217261282,
      4.793891877017208,
      5.281834536019999,
      5.025761715396877,
      5.107597618948623,
      5.145892530960926,
      5.420061168218841,
      4.871933699196017,
      5.23213592796636,
      5.279767724973423,
      5.23455717699698,
      4.870389631362515,
      5.239305440451921,
      4.801417407183244,
      6.024952514630737,
      0.49199458573039145,
      4.60538550266522,
      5.263922706260434,
      5.104551579935487,
      5.209362669987307,
      0.48651520726596875,
      5.227906673172682,
      5.189178856173379,
      5.171539323436411,
      5.112752766670869,
      4.39746870163205,
      5.164001963571198,
      5.148186208252471,
      0.40986465028789465,
      4.872029146206115,
      4.991975237751707,
      5.260603532382259,
      0.3623257290318708,
      0.3098485482471065,
      5.712342301398489,
      0.1949918508384407,
      0.3140192719639204,
      0.261695888548735,
      0.30368059992201535,
      4.463215511233473,
      0.2829319493658727,
      0.28063106453889564,
      3.199952344077053,
      0.10828582332003382,
      0.14734946489729459,
      0.4759908649318284,
      2.70160200582701,
      1.5165643692708832,
      1.0559830432111112,
      4.433245179283105,
      5.643922199794741,
      3.3839620239962342,
      5.098761762456811,
      1.0558320265955472,
      4.113224470865185,
      5.227925221641612,
      1.170887873038454,
      1.7738775879055828,
      2.1225842558051324,
      4.649027830402056,
      1.4733365872608557,
      1.699003826385978,
      4.091429654678952,
      2.798073602603194,
      0.8670520790763621,
      3.853419918417196,
      1.2693569594895164,
      4.93889274912043,
      3.2338036354107538,
      5.340427031897853,
      1.6271250579427867,
      0.8182811051847667,
      0.6453723543927931,
      5.034133764166686,
      2.191917638576829,
      1.6027960968927053,
      0.47200024822678993,
      0.8843685737528297,
      4.5533841174656615,
      5.0840525443939395,
      0.6522450105616951,
      0.6537655227163891,
      0.653674584214297,
      1.6160949417660606,
      0.6534815964896225,
      0.6538563559884697,
      0.6530615926997176,
      0.6539799094356396,
      0.653863119088848,
      0.6535674471141943,
      0.6538441416941413,
      0.6532637881322655,
      0.653869771913583,
      0.6538440677195341,
      0.6532557003055823,
      0.6535758972754798,
      0.6535743723176977,
      0.6536502350051384,
      0.6536086452820348,
      0.6537497511241422,
      0.6539676766251312,
      0.6539454118814095,
      0.6539691080057362,
      0.6540078029713461,
      0.6537162773875066,
      0.6536707954098386,
      0.653967059173408,
      0.6539078990215769,
      0.6538750646456026,
      0.6540498591208121,
      0.6538636971881218,
      0.653743580169773,
      0.6539580689635334,
      0.6540331375278594,
      1.0000752714422942,
      2.224731120032172,
      0.9316765949446986,
      5.271197109910047,
      2.0381193979779244,
      4.9057030661506085,
      0.3263854942694634,
      0.7983424830848279,
      0.4778973620198099,
      3.0214786790532813,
      0.6532166232228315,
      0.6514500862066239,
      0.6580819822886058,
      2.5863993523752438,
      0.6603470217298617,
      1.713122754565963,
      0.6542095565360414,
      1.7360751913135486,
      1.7547233722173479,
      1.8186337767539358,
      5.407563223629829,
      5.500271927872066,
      4.940301200996189,
      2.7103376881082535,
      1.3171049369446628,
      5.54065422523379,
      5.220803080178286,
      1.324888903900152,
      0.7861381620787895,
      1.9875684916188567,
      4.687158907260755,
      4.766911588052512,
      4.504300407052692,
      4.735754149396222,
      4.884387471530257,
      3.216682037554377,
      4.806020910553796,
      4.749567719608325,
      1.676751011790357,
      1.3767205744335596,
      0.35579583464890224,
      1.8719456746209933,
      0.8257745088016452,
      3.1731037997332967,
      3.7949031352069085,
      1.830086550646534,
      2.884887618362349,
      3.157242477259329,
      0.5483247674311064,
      1.3417643815546245,
      3.7859448638012885,
      3.771771337263692,
      4.819862340266299,
      0.47193928168579763,
      0.8709474627008964,
      4.539873105002061,
      1.8486060922276446,
      1.7162958247019275,
      4.971157932392259,
      4.808636531302315,
      2.0942327617985224,
      0.5121121892001501,
      4.840974331641999,
      0.5642044579517062,
      4.857754009483493,
      1.5440882005230507,
      1.612941990296616,
      0.7361183953024769,
      2.1751461654384987,
      5.451510155743868,
      4.844516381948248,
      5.639058219656207,
      4.883842688171515,
      2.1730808142353633,
      1.4196542230150702,
      4.990022300088341,
      3.2271592740694244,
      4.827648907116006,
      4.964138145403871,
      2.7971582686862444,
      1.8281306327059692
    ],