{
  "training_session": {
    "timestamp": "20250908_203314",
    "total_episodes": 200,
    "total_time_seconds": 165.05197381973267,
    "hyperparameters": {
      "target_pos": [
        0.0,
        0.0,
        1.0
      ],
      "episode_length": 25.0,
      "dt": 0.03333333333333333,
      "use_trajectory": true,
      "trajectory_type": "spiral",
      "state_size": 8,
      "reference_size": 8,
      "action_size": 4,
      "hidden_layer_size": [
        64,
        64,
        32
      ],
      "lr_critic": 0.01,
      "lr_actor": 0.005,
      "lr_decay": 0.9999,
      "gradient_clip_value": 0.5,
      "gamma": 0.98,
      "split": false,
      "target_network": true,
      "tau": 0.001,
      "rls_state_size": 8,
      "rls_action_size": 4,
      "rls_gamma": 0.9995,
      "rls_covariance": 100.0,
      "predict_delta": false,
      "num_episodes": 200,
      "update_cycles": 2,
      "excitation_steps": 5000,
      "excitation_amplitude": 0.03,
      "normalize_states": true,
      "state_bounds": {
        "z": [
          0.0,
          5.0
        ],
        "roll": [
          -1.5707963267948966,
          1.5707963267948966
        ],
        "pitch": [
          -1.5707963267948966,
          1.5707963267948966
        ],
        "yaw": [
          -3.141592653589793,
          3.141592653589793
        ],
        "vz": [
          -12.0,
          12.0
        ],
        "wx": [
          -10.0,
          10.0
        ],
        "wy": [
          -10.0,
          10.0
        ],
        "wz": [
          -10.0,
          10.0
        ]
      },
      "log_interval": 10,
      "save_interval": 50,
      "gui": false,
      "record": false,
      "record_best_episodes": true,
      "best_episode_gui": false,
      "recording_fps": 30,
      "coordination_warmup_episodes": 200,
      "coordination_strength": 0.15
    }
  },
  "performance_summary": {
    "best_position_error": 0.20495867187528125,
    "best_episode": 93,
    "final_position_error": 2.3819723406267985,
    "final_reward": 77.03072990183962,
    "convergent_episodes_count": 52,
    "convergence_rate": 0.26,
    "stable_performance_start": -1
  },
  "statistics": {
    "position_errors": {
      "mean": 2.8283020975034403,
      "std": 1.845510879170197,
      "min": 0.1917079296812719,
      "max": 5.793005985300114,
      "median": 2.551961148476391
    },
    "rewards": {
      "mean": 104.4974344433204,
      "std": 101.14509430013106,
      "min": 15.675622957996621,
      "max": 665.4310836302836
    },
    "costs": {
      "mean": 48.98386259402339,
      "std": 32.29358310983408,
      "min": 0.1321903551927638,
      "max": 212.40944157788704
    }
  },
  "time_series_data": {
    "episode_position_errors": [
      5.204841776611923,
      5.351506023370256,
      5.121423808491882,
      4.722566201168266,
      4.870732147170637,
      4.982826911147234,
      5.046030266590338,
      4.979959739652476,
      5.0221608919376095,
      5.551666406112349,
      4.929356993652145,
      5.025836303478431,
      5.060666844159812,
      4.9326003448941345,
      4.93924933387788,
      5.080144891445173,
      4.897630272471761,
      5.111355894137623,
      5.212934095565876,
      4.942853736289613,
      4.98484178113489,
      5.301897266183893,
      5.2155340038351445,
      5.005189573218959,
      5.377883827376718,
      4.784817217908368,
      5.365791459253214,
      5.147195700912033,
      4.919663764216494,
      5.146369211640207,
      4.079798036445125,
      0.26501181199160867,
      5.244027001249415,
      0.33027738385009325,
      0.3713690533206158,
      4.890169493794072,
      0.279690119403017,
      4.37602242451178,
      0.26720122762182297,
      0.3239301993761734,
      3.850934749961269,
      0.3338751020479808,
      0.32332419578709143,
      0.31437869682924535,
      2.6290412128730227,
      0.33477189826619524,
      0.255833180129719,
      4.456650959810057,
      0.26317327218642717,
      0.22049639122666728,
      0.22887168279033687,
      0.1917079296812719,
      4.946324413620086,
      0.3351562557571595,
      0.7391151504546912,
      0.42300543809634283,
      0.4461263246624542,
      0.29103201429577874,
      0.41575353714805796,
      2.4173029272471798,
      5.243504516942916,
      2.873974356410753,
      0.9712387347895104,
      5.024003376163706,
      0.9116912218320894,
      0.3895322151417379,
      1.1235842596035153,
      5.055989276661158,
      0.8992804217265509,
      1.946026037739745,
      3.612704989219153,
      5.162533740886149,
      2.5509163508352035,
      3.197181004897618,
      0.5716950049990875,
      3.9519481239718863,
      1.2513219220579772,
      3.296261405725104,
      3.6931771675933747,
      2.2900101026715682,
      4.091291069112017,
      0.25649844757888884,
      0.5582717724739827,
      0.5581937883977129,
      1.7496613834820642,
      1.714875463156402,
      3.0126701113584673,
      1.4961556646682148,
      0.5589789431575821,
      0.5589169793348565,
      1.1142125863504102,
      3.723402439619675,
      3.767819349572777,
      0.20495867187528125,
      3.082684776769762,
      0.5319496557566407,
      4.625202430556591,
      5.793005985300114,
      5.10764314829971,
      3.742567160801741,
      2.4679116965479175,
      2.1396951175195342,
      3.9656806474771282,
      4.200920639930435,
      2.1831127385002853,
      4.243960670452646,
      1.4733102815482062,
      0.8053130078058375,
      5.318575956832231,
      5.295231216375398,
      2.1420714178623173,
      5.084189661803019,
      2.182041359997471,
      2.4704739136170897,
      1.9868175292881327,
      1.21621303028825,
      2.770720165986259,
      3.1170699935198334,
      4.9872184557797485,
      4.5853462691110165,
      1.5355998350223834,
      5.098204329908767,
      2.498351242916359,
      5.007309986501369,
      5.123172542733657,
      1.3537210058754519,
      0.800260135854105,
      1.143615991699877,
      0.41700163897198833,
      1.6574175696666291,
      0.39564391078368344,
      4.635005275305909,
      4.996483049264408,
      1.4750180254504512,
      2.006435316277425,
      2.5530059461175787,
      0.3888233721376804,
      0.9890696116714054,
      2.0966099167488705,
      4.968070809868019,
      4.8935023565037445,
      0.8329312399431024,
      2.625289366758266,
      2.5079708073532965,
      4.817004667878356,
      2.066122564206304,
      2.045150803149641,
      2.0950925652561736,
      2.503679879492227,
      2.674187626197611,
      3.53911508811884,
      2.3067417905170142,
      2.0013557232611623,
      0.7258120166079315,
      1.6021143963831146,
      3.7101521545872402,
      1.736314689294647,
      0.861966495843622,
      2.9849854841425465,
      0.9653132973275461,
      1.5002767346298522,
      5.219947642426967,
      0.7020962378380334,
      5.035282502305821,
      2.503919061532306,
      2.719133132941231,
      1.196623227233596,
      5.198131703777244,
      4.868039905474078,
      4.883719788931464,
      0.36129720952587574,
      1.4936499939720562,
      0.9486757022881596,
      0.9966566970498383,
      2.374660258644994,
      4.882981059122306,
      1.8817655655604082,
      0.5969175220086365,
      2.8146417594959234,
      2.668168803222673,
      4.8808610025284125,
      5.2665312440808565,
      1.5701377145010083,
      4.980162625491757,
      1.6653248130011558,
      0.4553656243281176,
      4.7722813471282235,
      0.5106033392068783,
      4.64762764602684,
      0.34623496006593785,
      3.0949349386348413,
      2.111920402681662,
      4.964120021306684,
      5.289277329484824,
      2.274918230432218,
      2.746660469427613,
      0.7499637987507687,
      1.714135382848291,
      2.7758726364808193,
      2.3819723406267985
    ],