{
  "training_session": {
    "timestamp": "20250908_231843",
    "total_episodes": 200,
    "total_time_seconds": 212.04369640350342,
    "hyperparameters": {
      "target_pos": [
        0.0,
        0.0,
        1.0
      ],
      "episode_length": 25.0,
      "dt": 0.03333333333333333,
      "use_trajectory": true,
      "trajectory_type": "spiral",
      "state_size": 8,
      "reference_size": 8,
      "action_size": 4,
      "hidden_layer_size": [
        64,
        64,
        32
      ],
      "lr_critic": 0.01,
      "lr_actor": 0.005,
      "lr_decay": 0.9999,
      "gradient_clip_value": 0.5,
      "gamma": 0.98,
      "split": false,
      "target_network": true,
      "tau": 0.001,
      "rls_state_size": 8,
      "rls_action_size": 4,
      "rls_gamma": 0.9995,
      "rls_covariance": 100.0,
      "predict_delta": false,
      "num_episodes": 200,
      "update_cycles": 2,
      "excitation_steps": 5000,
      "excitation_amplitude": 0.03,
      "normalize_states": true,
      "state_bounds": {
        "z": [
          0.0,
          5.0
        ],
        "roll": [
          -1.5707963267948966,
          1.5707963267948966
        ],
        "pitch": [
          -1.5707963267948966,
          1.5707963267948966
        ],
        "yaw": [
          -3.141592653589793,
          3.141592653589793
        ],
        "vz": [
          -12.0,
          12.0
        ],
        "wx": [
          -10.0,
          10.0
        ],
        "wy": [
          -10.0,
          10.0
        ],
        "wz": [
          -10.0,
          10.0
        ]
      },
      "log_interval": 10,
      "save_interval": 50,
      "gui": false,
      "record": false,
      "record_best_episodes": true,
      "best_episode_gui": false,
      "recording_fps": 30,
      "coordination_warmup_episodes": 200,
      "coordination_strength": 0.15
    }
  },
  "performance_summary": {
    "best_position_error": 0.24757454640894339,
    "best_episode": 186,
    "final_position_error": 2.2973725538014764,
    "final_reward": 115.47383223361444,
    "convergent_episodes_count": 50,
    "convergence_rate": 0.25,
    "stable_performance_start": -1
  },
  "statistics": {
    "position_errors": {
      "mean": 2.5344668310332388,
      "std": 1.6914888804879713,
      "min": 0.10188815423969426,
      "max": 5.807306059852734,
      "median": 2.1077662758832165
    },
    "rewards": {
      "mean": 141.9904930113026,
      "std": 153.15064115013647,
      "min": 15.986400662171334,
      "max": 668.2376152687498
    },
    "costs": {
      "mean": 47.96164906954994,
      "std": 33.09173165714292,
      "min": 0.13388002733171098,
      "max": 184.0910266751366
    }
  },
  "time_series_data": {
    "episode_position_errors": [
      4.858723352682599,
      4.993854138940684,
      4.963544076839871,
      5.0030578609561,
      4.915647374825337,
      0.5256761689654602,
      4.883959147483518,
      5.140142667197757,
      5.0724226902066505,
      4.88928138297587,
      5.17257430796563,
      4.846431443758824,
      4.325052503209705,
      0.5452060639332656,
      4.845941403067163,
      4.890289881486172,
      5.362073700801072,
      4.155851631106398,
      0.33767547293537464,
      5.745105898670535,
      4.790153230059255,
      0.23019720393854604,
      0.19190338098269663,
      0.2224848414411174,
      0.4513077935446631,
      0.10188815423969426,
      4.729911153599799,
      0.7271174185872302,
      0.5156982972935512,
      0.2886861629241845,
      1.013046838258745,
      0.9560838909077333,
      2.1210707288672013,
      1.073607461448908,
      3.344771781197259,
      1.982942324390966,
      5.221535303876511,
      1.5069214876110975,
      3.8090832641717647,
      0.17164070200933174,
      1.4556537967167207,
      4.897824782784768,
      0.8997086750917206,
      4.213005171731688,
      3.6321757389813034,
      2.75725486448131,
      5.15185762959692,
      3.8357059603455217,
      4.323432371832908,
      4.995652967285828,
      4.615411699140159,
      3.5215954264678775,
      4.099112658025388,
      2.1572534532387424,
      1.1761841782759668,
      4.350394195970706,
      0.42064124115165097,
      0.7812961874725175,
      1.0659348334007541,
      0.8296869454478542,
      0.5819897770538541,
      4.9319714384303115,
      0.9424986549050185,
      0.32287806217896864,
      2.3223711263588784,
      4.456568153614,
      5.144253005343162,
      0.5768233860918999,
      0.575392672614464,
      0.5752610830921648,
      0.5752509828820408,
      0.5752178250538462,
      0.5752239932636789,
      0.5752268760056602,
      0.5752280414421636,
      0.5752506255038417,
      4.195172813767074,
      1.9660529300323792,
      5.174225717574293,
      1.5092060743460045,
      0.4582615670687298,
      5.807306059852734,
      3.643079660660957,
      3.453598138425522,
      0.934301320606064,
      2.4919549709981297,
      0.5757594913365794,
      0.5761323407627227,
      3.614761346984807,
      0.5762809470839217,
      0.581459451393118,
      2.4372101563467794,
      4.800729464081197,
      0.8652263536981568,
      1.9013758365407551,
      2.7459054680587935,
      0.48789765893015546,
      5.017446511924494,
      1.4185616367697393,
      1.0127278564312518,
      2.5328820474831817,
      3.4495567297241463,
      0.9498131299601903,
      1.9764061140186482,
      2.9959869002795863,
      2.4334693074164795,
      3.385047398432695,
      0.9505285637696552,
      5.161238333917425,
      1.9743355641352527,
      2.8380357417214173,
      1.625054957267335,
      3.678550015980929,
      1.1314747661982694,
      1.934801500173033,
      2.8081579633494504,
      1.1526004746307634,
      0.593378113574452,
      1.3739307404300876,
      1.5910394262594625,
      3.5125775605918923,
      4.323882919199934,
      1.5538734489917398,
      2.9800745912228943,
      0.9976672490907847,
      2.8829537478765332,
      2.650912271772007,
      0.9815588121206428,
      4.299940276932867,
      2.3475461302441243,
      2.105174354673961,
      0.92534661534521,
      1.6320043414514687,
      2.924868257840582,
      0.6791174265566915,
      1.7231339858310923,
      2.69386045312324,
      1.7356155210655797,
      1.2715665362293622,
      1.5572866924805608,
      1.691715465685296,
      1.0815552436121243,
      4.502117478931764,
      3.670902683995812,
      1.8360584067249193,
      4.949536630828129,
      3.090937817540853,
      0.5011944313534294,
      1.2927209778811866,
      0.7540238390549003,
      5.215321771308347,
      2.1103581970924714,
      5.001335976152224,
      4.998575828350381,
      3.913854226076809,
      1.4863180199724775,
      1.77738547561182,
      1.7061895330670311,
      0.9941409418143685,
      2.0960614015332566,
      3.0549596685417866,
      4.2894060195583945,
      1.0664845925283266,
      0.9546926197597114,
      1.2462283914723373,
      1.3219611864528875,
      1.519295140559666,
      1.205011564194511,
      3.0619352105720417,
      1.444505750661693,
      2.339356134239623,
      2.388948721640634,
      5.078836404451342,
      1.8919082370107487,
      1.3550493705719706,
      1.2752720144677652,
      1.3276503257401355,
      1.4401281491967914,
      1.7558456094403014,
      0.7949568450893142,
      4.869939603898551,
      4.964789357964481,
      5.268331972196433,
      5.012083050344543,
      2.4007895027723394,
      5.015471977227907,
      0.24757454640894339,
      1.8213082527931426,
      4.974888807627755,
      1.615476537551385,
      2.2784587281437476,
      1.5711248967681828,
      2.9455094209802275,
      4.995554417773808,
      2.2286355619452016,
      5.177389126648192,
      3.34176921563328,
      2.778778324075401,
      5.061750225684679,
      2.2973725538014764
    ],