{
  "training_session": {
    "timestamp": "20250908_234142",
    "total_episodes": 200,
    "total_time_seconds": 178.30280184745789,
    "hyperparameters": {
      "target_pos": [
        0.0,
        0.0,
        1.0
      ],
      "episode_length": 25.0,
      "dt": 0.03333333333333333,
      "use_trajectory": true,
      "trajectory_type": "spiral",
      "state_size": 8,
      "reference_size": 8,
      "action_size": 4,
      "hidden_layer_size": [
        64,
        64,
        32
      ],
      "lr_critic": 0.01,
      "lr_actor": 0.005,
      "lr_decay": 0.9999,
      "gradient_clip_value": 0.5,
      "gamma": 0.98,
      "split": false,
      "target_network": true,
      "tau": 0.001,
      "rls_state_size": 8,
      "rls_action_size": 4,
      "rls_gamma": 0.9995,
      "rls_covariance": 100.0,
      "predict_delta": false,
      "num_episodes": 200,
      "update_cycles": 2,
      "excitation_steps": 5000,
      "excitation_amplitude": 0.03,
      "normalize_states": true,
      "state_bounds": {
        "z": [
          0.0,
          5.0
        ],
        "roll": [
          -1.5707963267948966,
          1.5707963267948966
        ],
        "pitch": [
          -1.5707963267948966,
          1.5707963267948966
        ],
        "yaw": [
          -3.141592653589793,
          3.141592653589793
        ],
        "vz": [
          -12.0,
          12.0
        ],
        "wx": [
          -10.0,
          10.0
        ],
        "wy": [
          -10.0,
          10.0
        ],
        "wz": [
          -10.0,
          10.0
        ]
      },
      "log_interval": 10,
      "save_interval": 50,
      "gui": false,
      "record": false,
      "record_best_episodes": true,
      "best_episode_gui": false,
      "recording_fps": 30,
      "coordination_warmup_episodes": 200,
      "coordination_strength": 0.15
    }
  },
  "performance_summary": {
    "best_position_error": 0.31374685026413124,
    "best_episode": 130,
    "final_position_error": 2.318945113821636,
    "final_reward": 96.7286688027656,
    "convergent_episodes_count": 47,
    "convergence_rate": 0.235,
    "stable_performance_start": 22
  },
  "statistics": {
    "position_errors": {
      "mean": 2.802967051350129,
      "std": 1.856561841364631,
      "min": 0.11031320784755043,
      "max": 7.035556992086808,
      "median": 2.6617980478504437
    },
    "rewards": {
      "mean": 128.9463342965097,
      "std": 134.22332046798417,
      "min": 12.36686032261287,
      "max": 667.6089983495394
    },
    "costs": {
      "mean": 57.45079835616954,
      "std": 39.9652501729314,
      "min": 0.10197719283677091,
      "max": 226.67956695997495
    }
  },
  "time_series_data": {
    "episode_position_errors": [
      7.035556992086808,
      5.114493375846052,
      5.402711952721786,
      0.42472966558208125,
      0.5698626100650682,
      4.881587309515451,
      5.023991767443935,
      4.7507326101660174,
      4.964807563426008,
      5.615584317002003,
      4.9092856367383355,
      5.284214582682494,
      5.307393895096658,
      5.1626715519187885,
      4.64185325806057,
      0.29026424103049797,
      5.228512126185547,
      5.165091355142882,
      5.406758706483028,
      0.44200548440480675,
      4.599536690344896,
      5.583365323877123,
      0.2063129568448621,
      0.22230594143324864,
      0.6894461225399501,
      0.2576133601435106,
      0.34069758283765234,
      0.1719614834122621,
      0.7061264484413533,
      0.3293859049794826,
      0.2676738357953656,
      0.39691350401635284,
      0.33877612799542717,
      0.6669227129906399,
      0.41536134572846584,
      0.3547834898638053,
      0.3718872407659262,
      0.4786097012204212,
      0.44037956668743816,
      0.31762205949723793,
      0.2799339006629583,
      0.3162274979499297,
      0.37807612819836084,
      4.8812497305684355,
      5.47930587144989,
      0.11031320784755043,
      5.172888118822573,
      0.2720951278463058,
      0.49237262104772994,
      1.209731563178555,
      0.3754507277446131,
      1.9176109315713883,
      3.799420226021074,
      5.63390666126726,
      5.040750306987817,
      5.071172777677996,
      0.2066541110504169,
      3.3083936427489955,
      5.197611911186078,
      1.0098672156126707,
      2.3675217263482544,
      5.013868352453956,
      4.8138126414890055,
      2.0005151265176204,
      3.3982862770045723,
      1.0203534483618915,
      4.902141314655199,
      3.140579615598687,
      5.078497856105381,
      4.876102565039433,
      0.13613280370722664,
      3.3165177575980502,
      2.048001621281867,
      1.2135167276104257,
      2.7912777823836765,
      1.6155238237966218,
      4.2181289526219246,
      2.783545110082739,
      2.674511066156983,
      4.69779497276251,
      4.877779319975337,
      1.5751278040246088,
      1.3747736957426657,
      5.03927519803289,
      4.857821428177141,
      5.191413153041113,
      3.833779970105516,
      2.193765678265417,
      3.0167313901829944,
      4.7981232163422725,
      4.856371676953502,
      4.8671568486885555,
      3.5004109965951984,
      3.8883001612904495,
      3.3884597115888413,
      2.3197445528909855,
      0.5934783684511578,
      3.097320653171985,
      1.8402774667449864,
      1.3647297462054324,
      5.314124645228743,
      3.6164870656857167,
      2.859295362057129,
      0.3358699218084193,
      2.807722969504697,
      2.066743334699744,
      1.7888009955907476,
      4.878223186341306,
      0.5764075142625129,
      4.526357341334282,
      0.5766231593553305,
      0.5767273449820214,
      0.5763965307594291,
      0.5768169140518438,
      4.214478359031701,
      1.9203112150923287,
      1.1693293632304966,
      0.5754399073306339,
      0.5753644850517673,
      4.349602410758142,
      3.12664343761845,
      4.2680476391105495,
      1.0637100490984932,
      4.223028147703512,
      2.606627172910503,
      3.9068253849944075,
      4.8161373961896405,
      1.7622512345295265,
      1.7379983229661071,
      2.9755126036997845,
      0.31374685026413124,
      5.460053952428256,
      3.3861832125854487,
      5.927760748534872,
      3.840499265368153,
      1.96961447998172,
      4.829327335604982,
      2.1269691416199974,
      0.9906428341005878,
      5.1243524054826315,
      5.134805829494955,
      2.5630215113114376,
      1.9280809090795044,
      2.9891375215535256,
      5.121548458675276,
      3.25210968785201,
      1.3097850986276904,
      2.4351649802055584,
      1.3210620888315814,
      2.559155773291318,
      3.556850976902594,
      0.40046731709977695,
      2.649085029543904,
      1.9755874718919302,
      5.086739967737138,
      4.924955286049734,
      4.192877295347507,
      1.3352365374644968,
      2.474035992049408,
      3.361164838924,
      4.6662081310374495,
      1.7605166813249569,
      5.150517559647178,
      5.143476114785948,
      0.5353060640218165,
      4.8749769416280655,
      2.0720770441312704,
      1.3337050516809277,
      2.2375902587219367,
      1.4557797693517618,
      5.171891691910984,
      1.5015799517429762,
      1.0722888533810688,
      1.6298088589284598,
      1.4190837970633874,
      0.8669857501315601,
      4.926298460536319,
      1.7213571385048188,
      3.424089147879463,
      5.168940294318123,
      1.9310780019397558,
      0.6763535705408672,
      3.1039622169136973,
      4.772789129272428,
      5.144829383566579,
      1.215741709992522,
      1.3554645214699372,
      3.7149233549012535,
      1.9998890965673009,
      2.8048961609843275,
      5.178470544259682,
      4.850014445659681,
      2.7503487710786163,
      0.6236120824049322,
      2.0048449637905286,
      5.321161274145575,
      1.7811637081499092,
      1.3463294865822815,
      3.145895701871744,
      2.318945113821636
    ],