{
  "training_session": {
    "timestamp": "20250912_174421",
    "total_episodes": 202,
    "total_time_seconds": 159.0152518749237,
    "hyperparameters": {
      "target_pos": [
        0.0,
        0.0,
        1.0
      ],
      "episode_length": 25.0,
      "dt": 0.03333333333333333,
      "use_trajectory": true,
      "trajectory_type": "spiral",
      "state_size": 8,
      "reference_size": 8,
      "action_size": 4,
      "hidden_layer_size": [
        64,
        64,
        32
      ],
      "lr_critic": 0.001,
      "lr_actor": 0.0005,
      "lr_decay": 0.9999,
      "gradient_clip_value": 0.5,
      "gamma": 0.98,
      "split": false,
      "target_network": true,
      "tau": 0.001,
      "rls_state_size": 8,
      "rls_action_size": 4,
      "rls_gamma": 0.9995,
      "rls_covariance": 100.0,
      "predict_delta": false,
      "num_episodes": 2000,
      "update_cycles": 2,
      "excitation_steps": 5000,
      "excitation_amplitude": 0.03,
      "normalize_states": true,
      "state_bounds": {
        "z": [
          0.0,
          5.0
        ],
        "roll": [
          -1.5707963267948966,
          1.5707963267948966
        ],
        "pitch": [
          -1.5707963267948966,
          1.5707963267948966
        ],
        "yaw": [
          -3.141592653589793,
          3.141592653589793
        ],
        "vz": [
          -12.0,
          12.0
        ],
        "wx": [
          -10.0,
          10.0
        ],
        "wy": [
          -10.0,
          10.0
        ],
        "wz": [
          -10.0,
          10.0
        ]
      },
      "log_interval": 10,
      "save_interval": 50,
      "gui": false,
      "record": false,
      "record_best_episodes": true,
      "best_episode_gui": false,
      "recording_fps": 30,
      "coordination_warmup_episodes": 200,
      "coordination_strength": 0.15
    }
  },
  "performance_summary": {
    "best_position_error": 4.128886355079147,
    "best_episode": 196,
    "final_position_error": 5.539529440136122,
    "final_reward": 56.794732231793624,
    "convergent_episodes_count": 0,
    "convergence_rate": 0.0,
    "stable_performance_start": -1
  },
  "statistics": {
    "position_errors": {
      "mean": 5.1854434887470315,
      "std": 0.7494441047794095,
      "min": 4.082767441793505,
      "max": 7.172287376462533,
      "median": 5.325890295593702
    },
    "rewards": {
      "mean": 61.2544223164885,
      "std": 15.191492139329577,
      "min": 45.07253765076109,
      "max": 111.06665875898346
    },
    "costs": {
      "mean": 44.09897017822708,
      "std": 4.741865324996364,
      "min": 36.943626349784246,
      "max": 62.807143961206485
    }
  },
  "time_series_data": {
    "episode_position_errors": [
      4.694308172250954,
      4.2280139854246075,
      7.172287376462533,
      5.997327222251687,
      5.509007957408348,
      4.997799722745873,
      6.6495223235252805,
      5.424601232855528,
      5.968411897619222,
      5.539447172067789,
      6.054207719603118,
      6.117344770039396,
      5.906597082104196,
      5.972323551748061,
      6.108254768130208,
      6.1694724777772345,
      6.189286901978239,
      5.741134806725302,
      6.131770456197689,
      6.029436007668916,
      5.600157597282263,
      5.2693978996259805,
      5.3108774597483785,
      6.14015731211177,
      6.124465260818043,
      5.136925540567625,
      5.373460205951101,
      5.713211693216432,
      5.3469292771540475,
      5.672241908690139,
      4.8532000865693385,
      4.607321188773164,
      4.810364768807833,
      4.661418690964051,
      4.22660102489779,
      4.233304905884923,
      4.26003304209549,
      4.268399307311613,
      4.318841197751595,
      4.385030004175514,
      4.581488185766224,
      4.505357922505429,
      4.263697714641371,
      4.250298326515138,
      4.2300142724489875,
      4.294711206119972,
      4.147983249192008,
      4.107798445224298,
      4.114090548304234,
      4.082767441793505,
      4.227278109057907,
      4.206184874940815,
      4.256369256724399,
      4.271783423745507,
      4.096503045693289,
      4.407820968468644,
      4.183976519770108,
      4.606537119458748,
      4.14848175200841,
      4.198965340065467,
      4.7012486746770765,
      4.731222800466872,
      4.16183048506792,
      4.162111404493461,
      4.483509633099251,
      4.574511603429475,
      4.323418479164011,
      5.139884179715275,
      4.836131811594401,
      4.345973401407,
      4.166151580082404,
      5.215110481956274,
      5.006626850880678,
      4.3656996356823,
      5.56759353828664,
      5.374044507705636,
      5.508332601063201,
      5.025182077175337,
      4.772283084547347,
      5.533869249325477,
      5.727122249625313,
      5.696392734264809,
      5.754869566202107,
      4.358458221295692,
      6.417584037816898,
      5.283418106940525,
      4.548930109313349,
      4.719198021345236,
      5.867772970520208,
      5.865228618123923,
      5.885087391054857,
      5.376082664942879,
      5.8638690876010315,
      5.817711544915979,
      7.066702661710969,
      6.175667855386705,
      5.74086189827651,
      6.9551378314274315,
      5.797778333510277,
      5.783956589546742,
      5.478824624700099,
      4.741099827213702,
      5.956217503629776,
      5.879347304801616,
      4.51181571935604,
      5.908419556409083,
      5.093491138118552,
      4.531325208461305,
      4.281698697037698,
      4.28621826934744,
      4.296912198591673,
      6.018052311167377,
      5.989263465291461,
      5.803724421572623,
      4.306577080022785,
      5.992322411500553,
      4.49981533045752,
      5.8352250190793855,
      6.093205493874252,
      5.310559034239863,
      5.739929296582362,
      5.395012608628229,
      5.98837203857002,
      4.837921622046103,
      5.985117801679486,
      4.43387917243433,
      5.340903131439026,
      4.292893658486709,
      4.2754306308148475,
      5.8200174632803,
      4.654443508904501,
      4.780180721518507,
      5.870375597977574,
      5.815696737723877,
      4.560791898549009,
      4.371690326509257,
      5.288686574428774,
      5.989605027785061,
      5.949974624147865,
      5.941585482836034,
      5.913103387939556,
      5.6613595986523775,
      5.922976180311521,
      6.007614805973838,
      6.011540916531963,
      5.885056058943744,
      5.959601108994736,
      5.9693701344953345,
      5.92125389722193,
      5.347523137904709,
      4.565773497795661,
      6.80250647913141,
      5.769444618858133,
      5.930370918328244,
      5.716810395514743,
      5.114145880739035,
      4.62203235346838,
      4.426710507511929,
      4.48811633553892,
      4.206154458019738,
      5.865621981878947,
      5.79781751667279,
      5.853434063141768,
      5.859199204974319,
      5.65455770899873,
      5.306948704389981,
      4.387769125925848,
      4.3426155671299815,
      4.264910229370161,
      4.160993477868701,
      4.494969541901991,
      5.80489736120823,
      5.817761913605295,
      5.777849049498195,
      5.755781039874928,
      5.813858544681594,
      5.7404236816011736,
      5.057433308512963,
      4.224966140135363,
      4.18510412131139,
      5.666300366623521,
      5.529868281000742,
      5.5028412829808016,
      4.315731951201693,
      4.271977774580474,
      5.528239915670354,
      5.624266503247749,
      4.316573212468473,
      5.709957568651021,
      5.664724203751807,
      5.689440229022635,
      5.702939859548065,
      4.808013891158416,
      4.214620340940134,
      4.728743992005401,
      5.466713590663312,
      4.128886355079147,
      4.5203675886595,
      4.324383614053069,
      4.1310923251473275,
      4.727804673470668,
      5.539529440136122
    ],