{
  "training_session": {
    "timestamp": "20250908_232835",
    "total_episodes": 200,
    "total_time_seconds": 118.58899903297424,
    "hyperparameters": {
      "target_pos": [
        0.0,
        0.0,
        1.0
      ],
      "episode_length": 25.0,
      "dt": 0.03333333333333333,
      "use_trajectory": true,
      "trajectory_type": "spiral",
      "state_size": 8,
      "reference_size": 8,
      "action_size": 4,
      "hidden_layer_size": [
        64,
        64,
        32
      ],
      "lr_critic": 0.01,
      "lr_actor": 0.005,
      "lr_decay": 0.9999,
      "gradient_clip_value": 0.5,
      "gamma": 0.98,
      "split": false,
      "target_network": true,
      "tau": 0.001,
      "rls_state_size": 8,
      "rls_action_size": 4,
      "rls_gamma": 0.9995,
      "rls_covariance": 100.0,
      "predict_delta": false,
      "num_episodes": 200,
      "update_cycles": 2,
      "excitation_steps": 5000,
      "excitation_amplitude": 0.03,
      "normalize_states": true,
      "state_bounds": {
        "z": [
          0.0,
          5.0
        ],
        "roll": [
          -1.5707963267948966,
          1.5707963267948966
        ],
        "pitch": [
          -1.5707963267948966,
          1.5707963267948966
        ],
        "yaw": [
          -3.141592653589793,
          3.141592653589793
        ],
        "vz": [
          -12.0,
          12.0
        ],
        "wx": [
          -10.0,
          10.0
        ],
        "wy": [
          -10.0,
          10.0
        ],
        "wz": [
          -10.0,
          10.0
        ]
      },
      "log_interval": 10,
      "save_interval": 50,
      "gui": false,
      "record": false,
      "record_best_episodes": true,
      "best_episode_gui": false,
      "recording_fps": 30,
      "coordination_warmup_episodes": 200,
      "coordination_strength": 0.15
    }
  },
  "performance_summary": {
    "best_position_error": 0.34051214509970523,
    "best_episode": 114,
    "final_position_error": 1.576844284155664,
    "final_reward": 56.63967145938526,
    "convergent_episodes_count": 43,
    "convergence_rate": 0.215,
    "stable_performance_start": -1
  },
  "statistics": {
    "position_errors": {
      "mean": 2.676421442258984,
      "std": 1.8358978604867704,
      "min": 0.13273624415096275,
      "max": 5.518559519844929,
      "median": 2.120503898434589
    },
    "rewards": {
      "mean": 76.62162174439821,
      "std": 44.347145505518554,
      "min": 10.86050747110476,
      "max": 274.50063350073725
    },
    "costs": {
      "mean": 58.7948644164974,
      "std": 36.331346792624785,
      "min": 5.91356600976324,
      "max": 256.40452827989594
    }
  },
  "time_series_data": {
    "episode_position_errors": [
      4.843123791371546,
      4.841644182265621,
      5.201512850157725,
      5.207301896992458,
      5.267605165436949,
      4.650675868934452,
      5.26932055293705,
      5.3042306660155685,
      5.203592552977348,
      5.1951126017495115,
      5.192440473008934,
      5.234698047601339,
      5.197895520927921,
      5.334381506881505,
      5.438333687575496,
      4.979154058981697,
      5.219866755057524,
      5.277171959481891,
      5.2105799530880805,
      5.20734757020784,
      5.043006249264383,
      5.128331898140854,
      0.23721374149821112,
      0.27784974715470284,
      0.33708546839031567,
      0.43218116065649065,
      5.518559519844929,
      0.1813675689758466,
      0.2370919981513827,
      0.39173803115704575,
      0.34386418701631566,
      0.2839620326203742,
      0.2967504996336016,
      4.425863793003915,
      0.13273624415096275,
      0.14140302675530184,
      0.17446592594743152,
      0.22544738428638353,
      0.2551280756148345,
      0.2772660729767505,
      0.30897235612860846,
      0.3312146128419239,
      5.069085629936934,
      0.891253007271578,
      0.22051068411053867,
      1.287770732269429,
      0.3536585692353804,
      0.2178324834792089,
      1.6078234859439133,
      3.214822889028399,
      0.7441571648482247,
      0.6484925366397271,
      5.1178092690430965,
      5.135735868401071,
      2.106610028402118,
      4.961914335360929,
      1.3333066736454018,
      2.76586505950504,
      4.86889620245265,
      1.4702164735704237,
      1.361775294956978,
      5.008617390505118,
      0.5204792927915765,
      4.946295541156659,
      1.6603537866740004,
      1.4696750613858742,
      3.9566251331595996,
      0.22179022979637356,
      0.409918320878779,
      3.751056085840023,
      2.2462856305724954,
      2.104011158703661,
      3.2908146997862913,
      2.6196004683719023,
      2.31063038088673,
      2.521704546583919,
      2.6086065852369935,
      1.3504944550922748,
      2.5292957157024274,
      3.8766424494284624,
      1.512516339027594,
      0.5715282640916346,
      1.5857520575067596,
      2.3138580683543233,
      1.5849880186646228,
      1.5567770884712553,
      1.3714924286237569,
      1.3952894555302497,
      4.223577272281992,
      1.0688665517905247,
      3.7727956454902847,
      1.9518583160188943,
      3.2737706015873083,
      1.877200364208304,
      1.7589020779812206,
      2.0479648372961443,
      3.9878176392779303,
      4.63327559120038,
      4.894198908175151,
      1.377392127402465,
      2.0497983366420427,
      0.25746999935366377,
      0.3861713425607136,
      0.8786251608005126,
      0.24400470895836673,
      1.2822460262303985,
      5.063473359580098,
      1.3687219269559026,
      1.2830232889433062,
      2.7982960651372335,
      2.8318752736550423,
      0.5804368411553633,
      2.290250898561391,
      4.909697205844451,
      0.34051214509970523,
      2.1343977684670605,
      1.4930712093706495,
      2.0700045367681623,
      2.088924498692147,
      5.277465016971566,
      0.5352971286924563,
      5.320029997972715,
      1.3125284146894172,
      0.7181378274190298,
      5.184499086350962,
      1.8607372699261073,
      1.8457655880696298,
      4.951044077930254,
      1.5067471974064832,
      0.5404638121101374,
      2.727408425720632,
      5.240419324134257,
      2.7834613089030595,
      2.4794262692868365,
      0.792071173173504,
      1.412632133808684,
      4.962309021993412,
      4.903095372914649,
      4.8367190075664235,
      1.7009510145300424,
      1.5237770529021044,
      2.5427095748016053,
      1.648856336502935,
      0.8408651184463933,
      5.108241000891979,
      4.81437806372636,
      1.4062641675310197,
      2.0631013966502323,
      0.8673258816163673,
      4.995572069606664,
      0.35840015998213376,
      0.6104120948935287,
      2.2009193421990125,
      5.02919289737393,
      5.02910528152425,
      1.6326347622715756,
      1.0369644667367908,
      2.591972402604617,
      1.1131196447193716,
      3.1700713282361104,
      1.7054177407347324,
      5.0053513021067255,
      1.0237003013045978,
      2.0355913675389394,
      3.4496062684577042,
      5.217885654382518,
      5.230863266379263,
      4.875579751363705,
      4.961589932795483,
      3.511206506569585,
      1.2300405394726859,
      4.871357760821328,
      2.6439625800337594,
      2.382019435190966,
      5.0953302686479915,
      2.349485699386889,
      1.6201617339360082,
      1.562103075103928,
      4.769048854110568,
      5.112372661472969,
      1.8567317076022314,
      3.0181689970794277,
      1.330801997201894,
      5.349232540923482,
      1.257675556866574,
      5.247837888028807,
      1.6640548056993254,
      1.6522105674347083,
      1.375268046719667,
      2.250359267410411,
      3.130949198420321,
      1.4620581782883721,
      5.024148536592087,
      1.0498732449362953,
      0.987498964058428,
      4.990792361953141,
      5.102738343047547,
      3.5622123192743405,
      5.118320611234265,
      1.576844284155664
    ],