{
  "training_session": {
    "timestamp": "20250907_223616",
    "total_episodes": 200,
    "total_time_seconds": 154.66801524162292,
    "hyperparameters": {
      "target_pos": [
        0.0,
        0.0,
        1.0
      ],
      "episode_length": 25.0,
      "dt": 0.03333333333333333,
      "use_trajectory": true,
      "trajectory_type": "spiral",
      "state_size": 8,
      "reference_size": 8,
      "action_size": 4,
      "hidden_layer_size": [
        64,
        64,
        32
      ],
      "lr_critic": 0.01,
      "lr_actor": 0.005,
      "lr_decay": 0.9999,
      "gradient_clip_value": 0.5,
      "gamma": 0.98,
      "split": false,
      "target_network": true,
      "tau": 0.001,
      "rls_state_size": 8,
      "rls_action_size": 4,
      "rls_gamma": 0.9995,
      "rls_covariance": 100.0,
      "predict_delta": false,
      "num_episodes": 200,
      "update_cycles": 2,
      "excitation_steps": 5000,
      "excitation_amplitude": 0.03,
      "normalize_states": true,
      "state_bounds": {
        "z": [
          0.0,
          5.0
        ],
        "roll": [
          -1.5707963267948966,
          1.5707963267948966
        ],
        "pitch": [
          -1.5707963267948966,
          1.5707963267948966
        ],
        "yaw": [
          -3.141592653589793,
          3.141592653589793
        ],
        "vz": [
          -12.0,
          12.0
        ],
        "wx": [
          -10.0,
          10.0
        ],
        "wy": [
          -10.0,
          10.0
        ],
        "wz": [
          -10.0,
          10.0
        ]
      },
      "log_interval": 10,
      "save_interval": 50,
      "gui": false,
      "record": false,
      "record_best_episodes": true,
      "best_episode_gui": false,
      "recording_fps": 30,
      "coordination_warmup_episodes": 200,
      "coordination_strength": 0.15
    }
  },
  "performance_summary": {
    "best_position_error": 0.21838864124965288,
    "best_episode": 18,
    "final_position_error": 1.2109454653538712,
    "final_reward": 85.04375519785862,
    "convergent_episodes_count": 33,
    "convergence_rate": 0.165,
    "stable_performance_start": -1
  },
  "statistics": {
    "position_errors": {
      "mean": 2.850213643841812,
      "std": 1.74285799924459,
      "min": 0.21838864124965288,
      "max": 5.760517053370745,
      "median": 2.351405442123408
    },
    "rewards": {
      "mean": 105.58990005703696,
      "std": 47.76330402313301,
      "min": 20.19357516727503,
      "max": 332.44050325789897
    },
    "costs": {
      "mean": 49.03706606376366,
      "std": 27.017284119800877,
      "min": 5.654266319624461,
      "max": 228.61736543537359
    }
  },
  "time_series_data": {
    "episode_position_errors": [
      5.379549584698663,
      5.440388082230341,
      5.513757269044802,
      4.984879597244839,
      4.757659872778501,
      5.341291476593314,
      4.949806161480474,
      4.9502002945742625,
      5.22684337044924,
      5.181222303412297,
      4.990441195184056,
      4.973072235963413,
      5.346807803460637,
      5.134297633420562,
      5.182291532624768,
      4.7429937988118365,
      5.169293542263184,
      4.265527270857935,
      0.21838864124965288,
      0.8280888209145231,
      5.136018030600647,
      4.220711305125102,
      1.3088637231954565,
      0.358343595830494,
      0.5734262711442581,
      2.205473488258984,
      5.663442785912883,
      0.7249809614681785,
      1.030790240889566,
      4.58300584338174,
      1.554522946919593,
      5.010679265101389,
      5.102814408984751,
      1.6947922831775248,
      1.2047335826211225,
      0.48021297572052574,
      2.914598472407982,
      1.255590547023347,
      2.720426376585816,
      2.1914733267864137,
      0.6393486602334527,
      4.8529354583175515,
      2.656749012697754,
      1.0284605438962504,
      1.4748697906937893,
      0.6190212038358907,
      1.828610489200735,
      5.106822416184406,
      3.9462400550864376,
      3.4373406887128715,
      0.7951033659288773,
      1.6333322323034558,
      4.4749475403179835,
      2.785455721157314,
      3.9397416952063193,
      1.1138860970986704,
      5.760517053370745,
      3.2982279490933,
      2.268847500893823,
      3.6375057336751,
      3.509760493101419,
      5.616565328320419,
      1.5354183471229932,
      3.661672756337746,
      2.853267353058459,
      1.8860648543637637,
      5.588503627924567,
      3.3927684284486426,
      4.887003493341396,
      2.54296455501211,
      1.9053370248966284,
      0.46506833631634736,
      2.9740806149520767,
      0.8009254916772937,
      0.6877806629676887,
      1.9975015570873083,
      2.299669928597013,
      0.790912113392273,
      4.867500800868396,
      2.0475628496292884,
      5.010765445869554,
      0.5028292887185642,
      5.4460457407416785,
      4.348768329649457,
      1.8539955413482057,
      4.6477439886674965,
      2.846476768377165,
      5.265822680075117,
      2.607077059309217,
      0.5628873741019361,
      1.3098410805838236,
      1.366984031264654,
      2.244412608722427,
      2.3509700210423827,
      0.7595079373236832,
      1.5795803200095218,
      4.094411752910611,
      5.377117856059869,
      1.6394272055741785,
      2.351840863204433,
      0.7351533757340044,
      5.348564229324515,
      4.65570925044922,
      1.7546741217786552,
      1.5694705907131945,
      2.56115376179375,
      1.7168134005972115,
      1.5338732290495578,
      2.3418490483721572,
      2.1963437652696385,
      2.398410537216201,
      5.413695959991805,
      5.153771056588909,
      0.7887431620807996,
      4.403852176404371,
      1.398861429783907,
      2.4615193524505816,
      4.560712606612887,
      5.501775227539307,
      1.65881613284684,
      1.432679429117586,
      1.4851288472107051,
      0.8254989806684281,
      5.009820804957068,
      3.4804780278623446,
      1.3469641105488945,
      1.6475627013670413,
      2.848411967984299,
      2.434647371440696,
      1.1729882746440934,
      0.5104335428581733,
      4.779073642878599,
      4.748827806443178,
      3.4489184776857216,
      2.7427782351725662,
      1.5675412615803497,
      1.2126307123867197,
      1.1917841639823181,
      1.8066902752147682,
      2.350818390703796,
      4.819399706444489,
      5.237448772247401,
      4.944924110270439,
      1.0754521148729925,
      4.650500167175798,
      0.2606830400165985,
      5.130456283494203,
      2.297527587007219,
      0.46133983240264426,
      5.000927992333772,
      3.1432449106058273,
      4.8067173444055316,
      1.7549595767864268,
      4.840566896582432,
      0.42792570763817867,
      1.9116142039134207,
      5.371768025091661,
      1.651083906824581,
      4.780902456825711,
      1.2808798195575388,
      5.01370079655121,
      0.403525155650685,
      1.7000359047977962,
      4.724154829598651,
      0.8749003552925442,
      4.417920984432934,
      0.9816304297518165,
      1.0157198242134768,
      0.5941632013921749,
      5.099462728743359,
      2.328566958137044,
      1.480569717706376,
      2.5970202487025884,
      2.1430225734731914,
      5.007395863192288,
      1.399941165791707,
      1.2638352970461244,
      1.948052721608779,
      2.8879339091422827,
      0.656857135193293,
      0.7918625432008366,
      1.4808790734378647,
      0.3403991753309817,
      0.9033751504916958,
      3.3872283691120795,
      1.7524586804155264,
      5.221754763393915,
      4.430841823480006,
      4.053975845059351,
      4.8095244009752145,
      1.1682806160107513,
      4.940694769833743,
      1.5163684063684744,
      5.268206273516817,
      0.8363382525247297,
      2.000539381374795,
      1.2347635938998147,
      1.5157629173383924,
      0.3078589357558519,
      1.2109454653538712
    ],