{
  "training_session": {
    "timestamp": "20250908_225652",
    "total_episodes": 200,
    "total_time_seconds": 128.85984349250793,
    "hyperparameters": {
      "target_pos": [
        0.0,
        0.0,
        1.0
      ],
      "episode_length": 25.0,
      "dt": 0.03333333333333333,
      "use_trajectory": true,
      "trajectory_type": "spiral",
      "state_size": 8,
      "reference_size": 8,
      "action_size": 4,
      "hidden_layer_size": [
        64,
        64,
        32
      ],
      "lr_critic": 0.01,
      "lr_actor": 0.005,
      "lr_decay": 0.9999,
      "gradient_clip_value": 0.5,
      "gamma": 0.98,
      "split": false,
      "target_network": true,
      "tau": 0.001,
      "rls_state_size": 8,
      "rls_action_size": 4,
      "rls_gamma": 0.9995,
      "rls_covariance": 100.0,
      "predict_delta": false,
      "num_episodes": 200,
      "update_cycles": 2,
      "excitation_steps": 5000,
      "excitation_amplitude": 0.03,
      "normalize_states": true,
      "state_bounds": {
        "z": [
          0.0,
          5.0
        ],
        "roll": [
          -1.5707963267948966,
          1.5707963267948966
        ],
        "pitch": [
          -1.5707963267948966,
          1.5707963267948966
        ],
        "yaw": [
          -3.141592653589793,
          3.141592653589793
        ],
        "vz": [
          -12.0,
          12.0
        ],
        "wx": [
          -10.0,
          10.0
        ],
        "wy": [
          -10.0,
          10.0
        ],
        "wz": [
          -10.0,
          10.0
        ]
      },
      "log_interval": 10,
      "save_interval": 50,
      "gui": false,
      "record": false,
      "record_best_episodes": true,
      "best_episode_gui": false,
      "recording_fps": 30,
      "coordination_warmup_episodes": 200,
      "coordination_strength": 0.15
    }
  },
  "performance_summary": {
    "best_position_error": 0.3261602803428329,
    "best_episode": 179,
    "final_position_error": 1.773393064217184,
    "final_reward": 120.27211561212954,
    "convergent_episodes_count": 46,
    "convergence_rate": 0.23,
    "stable_performance_start": -1
  },
  "statistics": {
    "position_errors": {
      "mean": 2.904260420440384,
      "std": 1.9107939954102295,
      "min": 0.1364604295441438,
      "max": 6.363111750376602,
      "median": 2.6211261934977435
    },
    "rewards": {
      "mean": 80.18717628830224,
      "std": 38.191204530696524,
      "min": 12.244477120621763,
      "max": 184.3602696503587
    },
    "costs": {
      "mean": 53.78910286206075,
      "std": 33.64832796809074,
      "min": 5.147001352297103,
      "max": 228.27669410131892
    }
  },
  "time_series_data": {
    "episode_position_errors": [
      4.861013287115896,
      4.927724204781036,
      5.00837763640833,
      5.279009777333023,
      5.0053497137658445,
      4.867770102784005,
      4.885233241201339,
      5.1629484899383264,
      4.8482830682194225,
      4.965811925049544,
      5.108170776126323,
      5.016950572232364,
      4.945575185025693,
      4.917860957053018,
      4.861969341638438,
      4.877791382975939,
      4.902227227245215,
      4.844528644829707,
      4.94392924717825,
      4.884917802526638,
      5.013014903922204,
      4.993798734358664,
      4.956748020741282,
      4.87484505503828,
      5.025707114788189,
      5.86362000204412,
      4.881007427505853,
      5.005971613590294,
      4.617908823499406,
      4.87921723828622,
      0.5428602040747662,
      5.147771789613067,
      0.3378445863390523,
      5.74676234728247,
      5.3319683199868555,
      0.2872852034143317,
      0.22791900446256994,
      6.363111750376602,
      0.1520245293397818,
      0.16628823847126376,
      0.2554092055810037,
      4.736851908765021,
      5.04168248018698,
      0.16932052523688393,
      0.17071956654747442,
      0.21144516614807604,
      0.1364604295441438,
      0.21448616501511972,
      0.155079317637536,
      2.167303493400995,
      0.8583534484239688,
      0.3103263378947642,
      0.6877485841034809,
      0.45692074048532655,
      0.432766710937043,
      4.962114430164091,
      0.5797556342702992,
      1.484544519468954,
      2.4498952413486954,
      0.16934945429254974,
      1.7707011422867824,
      5.148024263221576,
      2.1572532436646803,
      2.0793660387269286,
      0.38551496917946665,
      5.106511897646344,
      0.472910590130922,
      0.3129740817662934,
      1.5051744947674417,
      0.7967843726923091,
      3.8758476454017283,
      2.8047220680148204,
      4.824755350031882,
      2.447412907830731,
      5.220985142295842,
      0.30149492470563233,
      0.7013054166247283,
      0.6367588331625792,
      1.679644713242916,
      4.159885350244885,
      2.886594799048258,
      1.4283061820018232,
      5.230354059990348,
      1.3551011951294167,
      1.6343963386758094,
      1.3810755596529891,
      4.421844570719043,
      1.0839105434986473,
      5.22329253348038,
      4.871673851493482,
      5.186768032848137,
      5.12536331041888,
      5.163985310413794,
      0.7295595902567455,
      5.3394463510747086,
      5.001670877924835,
      1.536018538324013,
      3.3617722838856663,
      2.4848650102123733,
      4.790351269533932,
      0.5269519624227198,
      5.120039322847156,
      4.862613599903122,
      1.7125479769676133,
      4.942988496616037,
      5.168270693607698,
      4.854597469425444,
      1.1783319719764194,
      5.2827190321261925,
      2.394533616440354,
      4.8824558933456865,
      4.089740349298366,
      1.692714319329199,
      0.6490898539262872,
      3.1822438263758084,
      4.684039674493578,
      3.2569425767069773,
      1.679389422461708,
      2.9004297585294068,
      1.977861872883936,
      1.3168602149444784,
      0.38437740563945894,
      3.6752128660247636,
      1.6824217910599286,
      1.2255527095777634,
      0.43636110251040316,
      1.183710980128136,
      0.2812723692497147,
      2.4240687690031035,
      1.162945580654338,
      2.019482758619109,
      3.6900078196986827,
      1.3434630912922545,
      2.528898768785549,
      1.3432654299256932,
      0.422758925111513,
      4.861567919588747,
      1.5788873898675106,
      4.958271567477743,
      0.48880949627992837,
      5.0351667164259055,
      3.110446508569827,
      0.6582759905967072,
      5.207038498047148,
      5.109128296654637,
      0.8526854542683995,
      1.7648996584908982,
      2.6024764702928804,
      4.828130109120589,
      0.40519555993111867,
      3.439806248330274,
      4.924276186031662,
      3.2416800467151834,
      4.8543946354448275,
      4.886440120626284,
      2.11282471068433,
      3.4506047001937064,
      1.5198949712676653,
      3.579051005250833,
      1.3493973586256236,
      1.635303729369233,
      2.87080574589953,
      4.923679519324286,
      5.060318286688301,
      0.69539873773839,
      1.8900673970103505,
      5.247280984850133,
      3.178538987473364,
      4.944317995544568,
      1.5271233995546343,
      5.257154086299246,
      2.461047531967578,
      1.1501957219689314,
      5.358147569074535,
      0.8369846419259745,
      4.979044320320552,
      1.1641418749450645,
      0.8257734438809987,
      2.686622712243324,
      0.3261602803428329,
      5.388488046653029,
      0.7100912912529486,
      2.9466352439636183,
      1.254154136766124,
      1.4822114424756638,
      1.3243980942837614,
      0.834963871838822,
      2.639775916702606,
      5.255526310470589,
      0.34305191258323625,
      3.7688010964904044,
      1.5631799280577223,
      5.025224008098603,
      2.0986244493512447,
      0.3543135245012221,
      2.037304375572534,
      2.0147056508130006,
      2.1858386711755005,
      2.0487556914583114,
      1.773393064217184
    ],