{
  "training_session": {
    "timestamp": "20250908_185903",
    "total_episodes": 200,
    "total_time_seconds": 308.78656005859375,
    "hyperparameters": {
      "target_pos": [
        0.0,
        0.0,
        1.0
      ],
      "episode_length": 25.0,
      "dt": 0.03333333333333333,
      "use_trajectory": true,
      "trajectory_type": "spiral",
      "state_size": 8,
      "reference_size": 8,
      "action_size": 4,
      "hidden_layer_size": [
        64,
        64,
        32
      ],
      "lr_critic": 0.01,
      "lr_actor": 0.005,
      "lr_decay": 0.9999,
      "gradient_clip_value": 0.5,
      "gamma": 0.98,
      "split": false,
      "target_network": true,
      "tau": 0.001,
      "rls_state_size": 8,
      "rls_action_size": 4,
      "rls_gamma": 0.9995,
      "rls_covariance": 100.0,
      "predict_delta": false,
      "num_episodes": 200,
      "update_cycles": 2,
      "excitation_steps": 5000,
      "excitation_amplitude": 0.03,
      "normalize_states": true,
      "state_bounds": {
        "z": [
          0.0,
          5.0
        ],
        "roll": [
          -1.5707963267948966,
          1.5707963267948966
        ],
        "pitch": [
          -1.5707963267948966,
          1.5707963267948966
        ],
        "yaw": [
          -3.141592653589793,
          3.141592653589793
        ],
        "vz": [
          -12.0,
          12.0
        ],
        "wx": [
          -10.0,
          10.0
        ],
        "wy": [
          -10.0,
          10.0
        ],
        "wz": [
          -10.0,
          10.0
        ]
      },
      "log_interval": 10,
      "save_interval": 50,
      "gui": false,
      "record": false,
      "record_best_episodes": true,
      "best_episode_gui": false,
      "recording_fps": 30,
      "coordination_warmup_episodes": 200,
      "coordination_strength": 0.15
    }
  },
  "performance_summary": {
    "best_position_error": 0.22642430438649488,
    "best_episode": 165,
    "final_position_error": 5.431431437034834,
    "final_reward": 133.04480537204944,
    "convergent_episodes_count": 84,
    "convergence_rate": 0.42,
    "stable_performance_start": 59
  },
  "statistics": {
    "position_errors": {
      "mean": 2.558896200349656,
      "std": 2.051565634418655,
      "min": 0.10891679717396036,
      "max": 6.9927750552946035,
      "median": 1.876771078347252
    },
    "rewards": {
      "mean": 177.8480764230702,
      "std": 195.52548054752015,
      "min": 9.57936761950963,
      "max": 545.6930815631421
    },
    "costs": {
      "mean": 44.38588129155064,
      "std": 38.884399020358586,
      "min": 0.07092402354048354,
      "max": 214.46875588328476
    }
  },
  "time_series_data": {
    "episode_position_errors": [
      4.836180191046554,
      4.652633797617245,
      4.802210725240964,
      4.867611950895752,
      5.449973868554872,
      5.383154368287416,
      5.217577501226482,
      5.107005800643678,
      4.9293129951952,
      4.603101803289969,
      4.738511301056986,
      5.283340101994745,
      4.770708580747754,
      4.755580982867512,
      4.7713641688138,
      4.813074000929798,
      4.43286166356352,
      5.056929275523255,
      4.792962738863858,
      5.329811827011187,
      5.9788489790547095,
      4.848534321560901,
      5.220514574216315,
      5.337191716837874,
      5.047860249326846,
      6.9927750552946035,
      5.03785729084124,
      5.290117730263258,
      5.415265308824029,
      5.256916278833744,
      5.865221183326217,
      5.230958148158179,
      0.5594732875859486,
      0.7707992986589627,
      5.393103578095711,
      5.047231796277956,
      4.776818206727661,
      5.055940952564402,
      4.803069984526764,
      5.125991528928053,
      5.079767235121922,
      4.890191108746855,
      5.079303085639919,
      0.27898433457760474,
      0.26715650658658563,
      4.837097083556168,
      5.324852418689406,
      5.789195538418307,
      5.296859062222329,
      0.37385071111666013,
      5.642786336491288,
      0.2127614744874274,
      0.2512014218823332,
      0.2670496062165892,
      0.3414628760896698,
      5.276410583952189,
      0.38011005764940964,
      0.4166653165146034,
      4.131352805754631,
      0.10891679717396036,
      0.24676051487906014,
      0.15835653255158447,
      0.11120293548505701,
      0.11058574760291895,
      0.16370023299250874,
      0.13671339354264406,
      0.2047614544744278,
      0.13637269665974538,
      0.1791174022099507,
      0.1916590377023936,
      0.25929814443520616,
      4.323489973667541,
      0.5561481071687168,
      1.876843107881349,
      2.2754211926096066,
      4.637387117860425,
      5.026604239803207,
      4.96226622874329,
      4.889685485692263,
      1.6832413780369828,
      1.9413263557454592,
      4.949831771725756,
      1.8979934943438213,
      4.910018229083413,
      3.6879572961353437,
      0.7102682695208012,
      0.5255332951885164,
      1.4159851470677631,
      1.9297639046603434,
      2.138037165339145,
      2.562478908778797,
      2.0644864577020736,
      5.327415940378321,
      1.6061942627924397,
      5.053021366393358,
      2.367721663555115,
      0.916704891361149,
      2.647776041452072,
      4.831061709163357,
      0.22223458286906683,
      0.48194389246504377,
      5.168736696120763,
      0.6548204205466845,
      0.6549364299446838,
      1.4684404166987475,
      5.105028636630965,
      0.6548149221996417,
      0.6552084595445113,
      0.6543416015331464,
      0.6546704437414538,
      0.6545019014638356,
      4.1873713771663255,
      0.6531834567395403,
      0.6544078360067397,
      0.6554891796641228,
      0.6542588282240899,
      0.6546617530376653,
      0.6539745763210864,
      0.6539219576976093,
      0.6541180578254961,
      0.6536789360874321,
      0.6537613504826106,
      0.9666842647946864,
      0.6539972904870106,
      0.6539382445768819,
      0.653899821409366,
      0.6537055859119106,
      0.6539290172844674,
      0.6537502266224569,
      0.653720554240141,
      0.6539801077568616,
      0.6538661246091189,
      0.6537413283986804,
      0.6538081656436481,
      0.6540074443712071,
      0.6539153393114331,
      0.6538617938299118,
      0.6540125871167347,
      0.6537970778300951,
      0.6540550523035003,
      0.6539516712794614,
      0.6524398176392997,
      0.6644722454621407,
      0.6937790406381207,
      0.6444428373568261,
      0.5651059635590447,
      0.7292224382122329,
      0.5868982742360201,
      3.6363859371744574,
      0.41248351025718843,
      0.4703609073061945,
      0.8509823780580187,
      1.8766990488131547,
      4.601053308489653,
      0.6328174254294688,
      1.6362162624560883,
      2.5296347297403377,
      0.29349723511960724,
      1.402217236903956,
      4.984979670530009,
      4.957758596084161,
      4.4622853472105835,
      2.0506361533805926,
      1.6192077752777008,
      1.3140929735581925,
      0.22642430438649488,
      2.8974506314919313,
      5.2288712019542265,
      5.172919971862051,
      1.868693679276072,
      3.156536746824682,
      4.940876384004386,
      2.800329516699113,
      3.651076496678387,
      0.9067177768100011,
      3.334902478253628,
      0.865110186342071,
      0.9886403112436021,
      1.6114356522813034,
      5.388644024518254,
      1.1773478448434889,
      1.690446715945783,
      5.226159787992864,
      1.402228181757969,
      4.513368733163311,
      0.9508091404686043,
      2.719320423373911,
      3.6898299375527253,
      1.1454572775907355,
      2.877367045043182,
      5.293864878168836,
      0.6862113606225622,
      3.31759853725506,
      2.2784337116402904,
      2.031770086561549,
      1.8936385301694594,
      1.369057407066749,
      3.8284289116464514,
      0.9474816671769491,
      5.431431437034834
    ],