{
  "training_session": {
    "timestamp": "20250912_174012",
    "total_episodes": 200,
    "total_time_seconds": 129.86016464233398,
    "hyperparameters": {
      "target_pos": [
        0.0,
        0.0,
        1.0
      ],
      "episode_length": 25.0,
      "dt": 0.03333333333333333,
      "use_trajectory": true,
      "trajectory_type": "spiral",
      "state_size": 8,
      "reference_size": 8,
      "action_size": 4,
      "hidden_layer_size": [
        64,
        64,
        32
      ],
      "lr_critic": 0.01,
      "lr_actor": 0.005,
      "lr_decay": 0.9999,
      "gradient_clip_value": 0.5,
      "gamma": 0.98,
      "split": false,
      "target_network": true,
      "tau": 0.001,
      "rls_state_size": 8,
      "rls_action_size": 4,
      "rls_gamma": 0.9995,
      "rls_covariance": 100.0,
      "predict_delta": false,
      "num_episodes": 200,
      "update_cycles": 2,
      "excitation_steps": 5000,
      "excitation_amplitude": 0.03,
      "normalize_states": true,
      "state_bounds": {
        "z": [
          0.0,
          5.0
        ],
        "roll": [
          -1.5707963267948966,
          1.5707963267948966
        ],
        "pitch": [
          -1.5707963267948966,
          1.5707963267948966
        ],
        "yaw": [
          -3.141592653589793,
          3.141592653589793
        ],
        "vz": [
          -12.0,
          12.0
        ],
        "wx": [
          -10.0,
          10.0
        ],
        "wy": [
          -10.0,
          10.0
        ],
        "wz": [
          -10.0,
          10.0
        ]
      },
      "log_interval": 10,
      "save_interval": 50,
      "gui": false,
      "record": false,
      "record_best_episodes": true,
      "best_episode_gui": false,
      "recording_fps": 30,
      "coordination_warmup_episodes": 200,
      "coordination_strength": 0.15
    }
  },
  "performance_summary": {
    "best_position_error": 0.15293307576877038,
    "best_episode": 195,
    "final_position_error": 3.6426241351703714,
    "final_reward": 92.16808910946428,
    "convergent_episodes_count": 28,
    "convergence_rate": 0.14,
    "stable_performance_start": -1
  },
  "statistics": {
    "position_errors": {
      "mean": 3.8594744678144366,
      "std": 1.9880597991640576,
      "min": 0.15293307576877038,
      "max": 7.267139067612884,
      "median": 4.546466871955749
    },
    "rewards": {
      "mean": 63.41231871157318,
      "std": 30.287025279877966,
      "min": 27.31032026360934,
      "max": 218.9640514381415
    },
    "costs": {
      "mean": 57.1185348226358,
      "std": 25.24309354344391,
      "min": 9.367852223644288,
      "max": 172.63517939586464
    }
  },
  "time_series_data": {
    "episode_position_errors": [
      4.802203741016199,
      6.012944617695585,
      5.505576552239362,
      5.466383531568203,
      5.116310037062389,
      5.78870021312229,
      5.4911502575162,
      5.38807330948883,
      6.01218131556787,
      5.094673058185566,
      5.15819983320738,
      5.654966867276901,
      5.240580851323441,
      4.228556010064666,
      4.30803001607532,
      4.12094916193871,
      4.989615824076067,
      4.363984063363499,
      4.141950597406805,
      6.046631930494454,
      5.552654083802411,
      5.630061992587038,
      5.7560249267522865,
      4.3759890179492,
      5.022101680808248,
      5.0995727473838075,
      5.302576338027569,
      4.575615662636993,
      5.588230776036859,
      5.285603449135578,
      4.8625622531046115,
      4.935294564662689,
      5.512091833672069,
      5.965181516517384,
      3.7433776821699545,
      5.841568364250003,
      5.813200957049754,
      5.235686724230177,
      3.6640060284435014,
      5.524677949633007,
      5.446356903689577,
      5.633242973598027,
      5.601420146834251,
      5.177504183463939,
      4.069250492726395,
      6.847362229508346,
      4.590162238302494,
      4.541390798282738,
      4.4117722613306,
      5.934317340181803,
      4.252119854598195,
      4.157489842369427,
      5.16199553040177,
      4.902335726624384,
      4.4173107239769855,
      5.488511171376261,
      5.160363346641103,
      6.031581976440193,
      5.683080953283653,
      5.849693146452317,
      5.923928284083642,
      5.8952298743663825,
      4.736590637957828,
      5.406281149606911,
      5.313043793811044,
      4.012627311855172,
      6.1321215042147665,
      7.102699921347125,
      5.750851886564258,
      5.716616041080827,
      6.683061687600011,
      5.736893112780709,
      5.8738080864116515,
      5.661613973157655,
      5.8912144728128135,
      5.780208766109853,
      6.00324089020385,
      5.772974872532122,
      4.566692638412229,
      5.761321181768012,
      5.987470014029104,
      6.022597955236004,
      7.267139067612884,
      5.602339315891764,
      5.987592123913493,
      4.625574458840569,
      5.868128496762405,
      5.839361021541409,
      5.751644098428606,
      5.817822175924037,
      4.2199014796488274,
      4.9408351049228925,
      5.259417589558856,
      5.658848112537822,
      4.998353405068057,
      4.411316119996963,
      2.9214775753155684,
      5.048701176615799,
      3.44787225456371,
      5.561445627262136,
      5.7599462883255645,
      5.711772086979426,
      5.201620065865626,
      4.391881854343642,
      5.706752021976126,
      0.2602456075979213,
      5.126808555428738,
      5.504277473227431,
      1.0572051860873255,
      4.3852431732529675,
      4.72162126450103,
      2.7868834609735678,
      2.311929753974373,
      0.556309862831962,
      0.4656445413422805,
      1.0166240879294044,
      1.5317906844601852,
      1.9954457124990448,
      0.5768374090204367,
      1.6088301224893868,
      1.2301096152642128,
      5.5233206330292886,
      2.607037208885666,
      2.971864437031425,
      5.572235478472944,
      0.5989767517017219,
      1.3451650084763778,
      1.5648585632022802,
      0.8462835709420689,
      0.5854022849173852,
      0.5896596700778909,
      0.972094983042495,
      0.7071566445659319,
      0.3820296581476289,
      0.882269121937364,
      1.82217578376036,
      0.5669331131251424,
      1.2350941101963484,
      4.5990081213332035,
      1.6570531884962507,
      0.7414927790966358,
      1.1097149332767058,
      0.3253792387880734,
      0.9888689269838312,
      1.4638495542436643,
      1.056260623095304,
      2.2593686598530085,
      1.7109973828320986,
      4.135014771061966,
      4.079077954374419,
      2.0264045211199258,
      1.5499362730173107,
      0.6134710737097768,
      6.277579763780976,
      1.7690417695317344,
      5.785394564413953,
      5.418021892959753,
      3.9911169880318846,
      0.45244006347147503,
      0.8090955785171631,
      5.549571711134115,
      3.893276183373343,
      0.7957059729032981,
      0.6133590924948606,
      0.41463550020374906,
      1.8107432835600978,
      5.744669802426259,
      4.368447448787897,
      1.9815210204769,
      3.5464376933853887,
      2.3261268187233277,
      0.7788594543508016,
      4.467561208536617,
      5.598495002379176,
      4.55154294562876,
      3.951697916928315,
      2.554221171378346,
      2.9495340717056027,
      5.234915871143636,
      2.0114559938801064,
      2.413892002940754,
      1.5172557734223169,
      1.54075263492171,
      2.685449196403006,
      0.6200142518284191,
      1.4774586688739473,
      1.7460612733910164,
      1.4326432670065683,
      2.429967941850591,
      0.38555191360497487,
      2.6423726864747694,
      4.898249434579646,
      1.864238464018435,
      0.6433718869411664,
      1.0038957205602066,
      0.15293307576877038,
      0.1902726513520736,
      1.5537607383342744,
      3.87856577219857,
      3.6426241351703714
    ],