{
  "training_session": {
    "timestamp": "20250907_220321",
    "total_episodes": 125,
    "total_time_seconds": 142.534499168396,
    "hyperparameters": {
      "target_pos": [
        0.0,
        0.0,
        1.0
      ],
      "episode_length": 25.0,
      "dt": 0.03333333333333333,
      "use_trajectory": true,
      "trajectory_type": "spiral",
      "state_size": 8,
      "reference_size": 8,
      "action_size": 4,
      "hidden_layer_size": [
        64,
        64,
        32
      ],
      "lr_critic": 0.01,
      "lr_actor": 0.005,
      "lr_decay": 0.9999,
      "gradient_clip_value": 0.5,
      "gamma": 0.98,
      "split": false,
      "target_network": true,
      "tau": 0.001,
      "rls_state_size": 8,
      "rls_action_size": 4,
      "rls_gamma": 0.9995,
      "rls_covariance": 100.0,
      "predict_delta": false,
      "num_episodes": 125,
      "update_cycles": 2,
      "excitation_steps": 5000,
      "excitation_amplitude": 0.03,
      "normalize_states": true,
      "state_bounds": {
        "z": [
          0.0,
          5.0
        ],
        "roll": [
          -1.5707963267948966,
          1.5707963267948966
        ],
        "pitch": [
          -1.5707963267948966,
          1.5707963267948966
        ],
        "yaw": [
          -3.141592653589793,
          3.141592653589793
        ],
        "vz": [
          -12.0,
          12.0
        ],
        "wx": [
          -10.0,
          10.0
        ],
        "wy": [
          -10.0,
          10.0
        ],
        "wz": [
          -10.0,
          10.0
        ]
      },
      "log_interval": 10,
      "save_interval": 50,
      "gui": false,
      "record": false,
      "record_best_episodes": true,
      "best_episode_gui": false,
      "recording_fps": 30,
      "coordination_warmup_episodes": 200,
      "coordination_strength": 0.15
    }
  },
  "performance_summary": {
    "best_position_error": 0.5045854258079442,
    "best_episode": 102,
    "final_position_error": 1.2499520654259453,
    "final_reward": 118.54076115582924,
    "convergent_episodes_count": 28,
    "convergence_rate": 0.224,
    "stable_performance_start": -1
  },
  "statistics": {
    "position_errors": {
      "mean": 2.9630960493952254,
      "std": 1.8158705197823022,
      "min": 0.14595753854854496,
      "max": 5.879583233499924,
      "median": 3.08457942463577
    },
    "rewards": {
      "mean": 159.12112961170013,
      "std": 140.50829494195753,
      "min": 13.624567508736034,
      "max": 544.4592105832787
    },
    "costs": {
      "mean": 48.96770173774115,
      "std": 38.855581155992674,
      "min": 0.10091124053107961,
      "max": 209.50306315666344
    }
  },
  "time_series_data": {
    "episode_position_errors": [
      5.117108531030152,
      5.401692756500151,
      4.990456563584581,
      4.034252223031846,
      4.852865518534576,
      4.8159473343302,
      5.005237097730134,
      5.007230243549243,
      5.524743416151462,
      3.110263789532713,
      5.207290714171085,
      4.9701972406578685,
      5.263104779232901,
      4.7858917332471504,
      5.213580511761439,
      5.513071832332803,
      0.14814623892869058,
      0.14595753854854496,
      0.18285563265512397,
      0.23109325112294676,
      0.38297155823853063,
      4.169102004753817,
      0.26400723099185786,
      5.697432996068409,
      0.32061837853149905,
      5.820953382633408,
      5.879583233499924,
      0.5031542181455451,
      0.7811644764904742,
      4.228774543917848,
      0.7094754364127268,
      3.4447782745234563,
      2.0196457842932354,
      4.364285954506268,
      3.5883257049770334,
      3.794805267795503,
      3.131257560814425,
      3.678848270752233,
      4.439469773134654,
      4.904786295257942,
      2.4664997513358666,
      0.7914341050917214,
      3.6290738676706416,
      4.372331658459243,
      1.174230541677831,
      1.380978616975066,
      4.008890493794341,
      2.884045828705475,
      1.1852816536915511,
      4.253622827926514,
      2.4460375327760744,
      1.015816883279178,
      1.37067778217026,
      1.6144935467114032,
      5.249967621444567,
      4.3365013870722295,
      1.429880894947162,
      0.6556261462288416,
      0.6559288382834515,
      0.6556771034936768,
      0.6557341788427222,
      1.3311451887199588,
      0.655840871155415,
      3.092441364078249,
      5.028657977039581,
      0.6540198331768177,
      0.6545601548648475,
      3.08457942463577,
      1.844309079803726,
      4.25154462581494,
      0.6537134770762324,
      4.204134523625815,
      0.6520991112938082,
      1.3760118227344567,
      2.94261823839041,
      1.8000523239711488,
      3.6592323637900503,
      0.7034333784762328,
      0.5814175720950194,
      2.3933679874396416,
      2.325776753271611,
      4.5853353718438035,
      0.9036657068083905,
      4.272639003120737,
      5.5837054008415805,
      1.4756001344977285,
      5.592829602482805,
      1.6807663148182517,
      4.563811959516012,
      4.995867848270002,
      4.158911952270456,
      1.769733942962689,
      3.340058611779508,
      3.2693398110637415,
      0.6604140450634716,
      5.490699329250994,
      2.288819825841751,
      2.625194386639573,
      4.550420379418924,
      2.5175496602604013,
      0.8362227572990495,
      4.851902762526269,
      0.5045854258079442,
      3.155547154547295,
      4.720840423822502,
      1.1980337130783318,
      4.819832601471685,
      2.5018106969351117,
      2.2144667424115108,
      0.7726372429934285,
      1.6986378437045448,
      1.9697440852113444,
      1.884966428193015,
      2.5058288531522463,
      4.904790534118482,
      5.380079506697357,
      5.339675983526135,
      0.9773017117794733,
      5.461751334821248,
      2.6821995040512108,
      1.6363670346546872,
      4.725316797840978,
      5.028991725350932,
      5.274045333827606,
      1.2499520654259453
    ],