{
  "training_session": {
    "timestamp": "20250816_030524",
    "total_episodes": 100,
    "total_time_seconds": 141.7284438610077,
    "hyperparameters": {
      "episode_length": 200,
      "max_steps": 200,
      "state_size": 2,
      "reference_size": 2,
      "action_size": 1,
      "hidden_layer_size": [
        64,
        64,
        32
      ],
      "lr_critic": 0.01,
      "lr_actor": 0.005,
      "activation": "relu",
      "gamma": 0.95,
      "split": false,
      "target_network": true,
      "tau": 0.001,
      "rls_state_size": 2,
      "rls_action_size": 1,
      "rls_gamma": 0.999,
      "rls_covariance": 10.0,
      "predict_delta": false,
      "num_episodes": 100,
      "update_cycles": 2,
      "excitation_steps": 3000,
      "excitation_amplitude": 0.015,
      "normalize_states": true,
      "state_bounds": {
        "theta": [
          -3.141592653589793,
          3.141592653589793
        ],
        "theta_dot": [
          -8.0,
          8.0
        ]
      },
      "log_interval": 50,
      "save_interval": 200,
      "gui": false,
      "record": false,
      "record_best_episodes": true,
      "best_episode_gui": false,
      "recording_fps": 30
    }
  },
  "performance_summary": {
    "best_position_error": 0.0005632618079260965,
    "best_episode": 13,
    "final_position_error": 1.441326447770015,
    "final_reward": -87849.69861281925,
    "final_success_rate": 0.0,
    "convergent_episodes_count": 19,
    "convergence_rate": 0.19,
    "stable_performance_start": -1
  },
  "statistics": {
    "position_errors": {
      "mean": 1.489153295815497,
      "std": 0.939155609352779,
      "min": 0.0005632618079260965,
      "max": 3.1367233483870915,
      "median": 1.6014124230801192
    },
    "rewards": {
      "mean": -56134.25079362491,
      "std": 99213.19647021986,
      "min": -905872.8609551613,
      "max": -157.71690400013375
    },
    "success_rates": {
      "mean": 0.0,
      "std": 0.0,
      "final_100_episodes": 0.0
    }
  },
  "time_series_data": {
    "episode_position_errors": [
      2.2452591926043484,
      0.002109192737537846,
      1.683885790168194,
      2.4830143538300233,
      1.7730608621946313,
      0.33794937910798595,
      3.1367233483870915,
      0.16043062066069558,
      2.997250555688173,
      2.4899561455601935,
      2.6355495008904963,
      2.923329564375564,
      0.7745375549079592,
      0.0005632618079260965,
      0.11411190429353768,
      1.0810023824173456,
      2.187885368162157,
      1.3307949355094646,
      2.185021324403408,
      2.4432874742540562,
      0.0018658476047566097,
      3.0231636928770156,
      0.0007670686058807163,
      0.9252805088370102,
      2.2453521347445022,
      2.357205411827557,
      0.7046417593647147,
      2.151635852863622,
      1.6091094467233606,
      1.216465029476173,
      2.0217177539554894,
      2.163033301546221,
      2.8014485218714054,
      2.597753246132398,
      0.8069987182973013,
      0.002713205392070872,
      0.0023200084113739194,
      3.0960858500167934,
      2.7377960636010577,
      2.391706322567858,
      1.6303638587147997,
      1.1603295635665658,
      0.0012041239090447853,
      0.42124476501722885,
      1.9633384201763482,
      0.31582223318358915,
      1.5937153994368778,
      0.5392470651782948,
      0.0023003275222652775,
      0.5453154536254958,
      0.8570771713376453,
      0.6540777772115733,
      0.4633515636919623,
      1.7840276803319743,
      0.7899818604398847,
      1.708072388652024,
      2.414160640326255,
      3.1210162636624457,
      0.0012174572561134411,
      0.617029257250191,
      2.305359293995849,
      1.69374713598123,
      1.9243298277593723,
      1.9075815458884602,
      1.9282327198868217,
      2.6194989673796343,
      0.6411166442319267,
      2.405238812151234,
      2.295455856777874,
      0.21755819017112454,
      0.7637448455008702,
      0.8314192044986166,
      0.8439272994630325,
      1.9641870776948247,
      0.5768810894275358,
      0.9399034726438167,
      1.2122906802870776,
      2.538032127000971,
      0.9553068882730162,
      1.4874472823302938,
      0.0025908765188864535,
      1.687548674626762,
      2.3564653621714218,
      1.5392002538957579,
      0.39694352044665315,
      0.1315628851752102,
      1.6490945926207314,
      2.0138551727672436,
      1.3865449501909133,
      0.9930951856099144,
      1.2254039307269586,
      1.9890551529304439,
      1.5004378962681146,
      2.2519816033850324,
      2.5949919288926626,
      2.6922597670066537,
      2.976947845397506,
      2.3321970726987455,
      1.276891773938516,
      1.441326447770015
    ],
    "episode_rewards": [
      -35322.12118850349,
      -157.71690400013375,
      -44818.433580459496,
      -15719.642356468612,
      -27476.31647250343,
      -23857.612581250203,
      -38355.59946934635,
      -33748.50891102812,
      -28785.001006252227,
      -14047.459802878368,
      -35372.06348998692,
      -15826.147983057976,
      -38325.3475826963,
      -29154.171454634754,
      -14887.679348631456,
      -34298.920942988334,
      -34906.76291796359,
      -30054.57689683864,
      -8653.450087984103,
      -16456.189820968888,
      -2217.8313223770365,
      -21708.17987497374,
      -2554.5262707246306,
      -13431.387429797871,
      -10828.383436464675,
      -20411.845750289336,
      -17406.631648048537,
      -2861.622651818238,
      -25700.581052827554,
      -15228.052507867167,
      -29862.06607944996,
      -8030.073039854251,
      -23060.016524496932,
      -20553.056568043536,
      -41956.04651530307,
      -30798.996979268293,
      -177.14764823683606,
      -9607.263923336148,
      -22923.2306422131,
      -47054.23270971889,
      -26575.996294707147,
      -19701.205954552803,
      -9873.668357733452,
      -19191.761624007784,
      -29276.9293586873,
      -17846.121971526085,
      -34842.48152707632,
      -30706.234868334726,
      -76019.53535967294,
      -30409.589590342715,
      -21438.70347765227,
      -78020.27730585335,
      -50922.19449286567,
      -40582.126827823246,
      -62087.30810600442,
      -55277.90130773296,
      -54056.89801630858,
      -50079.55526994547,
      -2700.92496553529,
      -20658.46283670241,
      -76004.30810421296,
      -112859.23297370951,
      -29224.666165556802,
      -65285.576888376745,
      -55952.61969257437,
      -97263.4919612942,
      -48348.078820252194,
      -34740.56017241864,
      -57265.23060098038,
      -134513.22904360422,
      -124071.21311192836,
      -26006.05059836504,
      -94582.8561979027,
      -76428.33136049645,
      -25261.87027985498,
      -33493.20662119583,
      -67206.64520721744,
      -50749.29553767289,
      -76518.06830052087,
      -34973.07686157322,
      -4160.131182423067,
      -49141.47266389451,
      -55991.18554391427,
      -40365.70032700251,
      -97631.68572862724,
      -77861.36789025081,
      -82336.7637160871,
      -123844.1191791515,
      -47143.83951490699,
      -83616.52601401003,
      -50352.236672144965,
      -15161.635165222508,
      -36002.951951544615,
      -248737.45473381222,
      -42120.22632082923,
      -107520.50919152593,
      -130862.35625257749,
      -905872.8609551613,
      -389241.97636026173,
      -87849.69861281925
    ],