{
  "training_session": {
    "algorithm": "SAC",
    "timestamp": "20250815_223620",
    "total_episodes": 30,
    "total_time_seconds": 3589.408403158188,
    "hyperparameters": {
      "fixed_target": null,
      "episode_length": 200,
      "max_steps": 200,
      "learning_rate": 0.0003,
      "buffer_size": 50000,
      "batch_size": 256,
      "gamma": 0.95,
      "tau": 0.005,
      "ent_coef": "auto",
      "target_update_interval": 1,
      "gradient_steps": 1,
      "learning_starts": 1000,
      "train_freq": 1,
      "use_sde": false,
      "policy_layers": [
        64,
        64
      ],
      "qf_layers": [
        64,
        64
      ],
      "total_timesteps": 300000,
      "log_interval": 50,
      "save_interval": 10000,
      "gui": false,
      "record": false,
      "normalize_states": true,
      "record_best_episodes": true,
      "recording_fps": 30
    }
  },
  "performance_summary": {
    "best_position_error": 0.020723916404495668,
    "best_episode": 1100,
    "final_position_error": 1.2784383657048437,
    "final_reward": -411.49823481535526,
    "final_success_rate": 0.0,
    "convergent_episodes_count": 10,
    "convergence_rate": 0.3333333333333333,
    "stable_performance_start": -1
  },
  "time_series_data": {
    "episode_position_errors": [
      0.735873947821986,
      0.09884537005278915,
      2.5988092627640302,
      1.4356430671820224,
      2.1504591336932997,
      2.491854430219611,
      0.12585013015722168,
      0.42585421681020375,
      0.15484583406579766,
      0.8702366536267814,
      1.5056699118166854,
      1.4872999540067116,
      0.6086077189333743,
      0.5808847154088959,
      1.0535303543167478,
      1.5307430846521226,
      0.6717333585407808,
      1.181236008327716,
      0.16459441632109417,
      0.6608680651027541,
      1.1041247670608598,
      0.020723916404495668,
      0.6185856319324139,
      0.40878534011064893,
      0.22159682180193485,
      0.3690692849519799,
      1.0920641175998025,
      1.3157353077941867,
      0.0370333117358701,
      1.2784383657048437
    ],
    "episode_rewards": [
      -290.661725689337,
      -137.80267588839263,
      -1067.070734843026,
      -615.4509902285349,
      -1016.9907952074116,
      -1076.4272470591209,
      -280.84873287495765,
      -52.426749997394175,
      -5.776370209001458,
      -249.57444489359744,
      -574.4698629311032,
      -440.7305181961918,
      -190.44712400600355,
      -180.40526254949782,
      -835.3863370525386,
      -506.6250368676583,
      -106.33425154452372,
      -268.45642310535663,
      -17.695943829332318,
      -202.92195539870187,
      -298.5650597432936,
      -57.04266095477324,
      -128.33123783079918,
      -89.54979068288759,
      -30.610556876304496,
      -131.83945951523864,
      -257.52886419327666,
      -308.1453705784791,
      -37.31493574638972,
      -411.49823481535526
    ],
    "episode_costs": [
      6.903367438095737,
      34.609219886911,
      21.857929757028383,
      9.68976691453118,
      38.89806916823645,
      37.59264553100902,
      9.847372789833951,
      2.3191660260531255,
      0.6124934024124958,
      5.057226508953462,
      8.050912664732298,
      4.430939796509914,
      4.7813829478959695,
      5.214883766039133,
      14.856385693023105,
      6.038570498210328,
      1.506028058397639,
      1.4101439751497395,
      1.6440243400445893,
      5.329329055736361,
      3.0833575453263635,
      4.8899459301492865,
      4.345926340038364,
      4.9479365195688985,
      2.464577128499833,
      3.531803936858304,
      2.144619012067792,
      1.680977354046412,
      3.916046229753468,
      6.507424580221854
    ],
    "episode_success_rates": [
      0.0,
      1.0,
      0.0,
      0.0,
      0.0,
      0.0,
      0.0,
      0.0,
      0.0,
      0.0,
      0.0,
      0.0,
      0.0,
      0.0,
      0.0,
      0.0,
      0.0,
      0.0,
      0.0,
      0.0,
      0.0,
      1.0,
      0.0,
      0.0,
      0.0,
      0.0,
      0.0,
      0.0,
      1.0,
      0.0
    ],
    "convergent_episodes": [
      100,
      350,
      400,
      450,
      950,
      1100,
      1200,
      1250,
      1300,
      1450
    ]
  }
}